world,strategy,run_id,seed,lifespan,alive,true_ruin,passive_ruin,ruin_type,ruin_step,final_R,final_E,final_G,final_O,final_K,final_X,cum_prod,peak_prod,peak_X,mean_prod,selected_profile,profile_switch_count
Normal,ExpectedValueMax,0,42,99,False,True,False,environment_collapse,99,130.0,3.1866991347629448,117.00049316933098,130.0,100.44713525966881,57.1593002824951,96.34955160125911,1.317438909732637,62.11877148524932,0.9732277939521122,Normal,0
Normal,ExpectedValueMax,1,43,167,False,True,False,environment_collapse,167,130.0,0.0,130.0,130.0,123.71327932393909,44.22593415803765,175.97085785749783,1.4190120987728219,47.44036706541136,1.053717711721544,Normal,0
Normal,ExpectedValueMax,2,44,162,False,True,False,environment_collapse,162,130.0,6.349504247455469,129.88267225662915,130.0,114.85509933203306,46.181583039672525,166.2966673235824,1.4066384705850528,51.4027212750618,1.0265226377998913,Normal,0
Normal,ExpectedValueMax,3,45,81,False,True,False,environment_collapse,81,130.0,2.6262148630779567,118.47860417256014,130.0,84.01895614129062,52.96187732594049,75.4950260933283,1.1895952017028757,52.96187732594049,0.9320373591768927,Normal,0
Normal,ExpectedValueMax,4,46,80,False,True,False,environment_collapse,80,112.74363139498821,5.813978978412122,103.55486482491372,123.61029149541987,90.44764215929264,81.34759048524616,73.3719935617477,1.2354652198166194,81.34759048524616,0.9171499195218462,Normal,0
Normal,ExpectedValueMax,5,47,96,False,True,False,environment_collapse,96,130.0,0.0,126.58323631314353,130.0,97.21334042317216,56.547397457763786,91.80026956855234,1.3014899646298779,56.547397457763786,0.9562528080057535,Normal,0
Normal,ExpectedValueMax,6,48,164,False,True,False,environment_collapse,164,130.0,0.0,129.9444184024113,130.0,121.71805213654774,51.491224187977345,171.17689960424315,1.4212951602406714,53.418651628720326,1.043761582952702,Normal,0
Normal,ExpectedValueMax,7,49,89,False,True,False,environment_collapse,89,130.0,7.934882556972099,127.12102663907545,130.0,92.97170894753017,50.61278579234549,84.71367757804732,1.2112484699148691,56.95714659663773,0.951839073910644,Normal,0
Normal,ExpectedValueMax,8,50,40,False,True,False,environment_collapse,40,130.0,6.459076253271165,83.41337759930806,87.88167184016731,38.66466295558907,64.11693476653484,29.82206716933209,0.9419907176786579,64.11693476653484,0.7455516792333022,Normal,0
Normal,ExpectedValueMax,9,51,78,False,True,False,environment_collapse,78,130.0,0.4772987708063905,86.31313692710722,130.0,66.34214047578357,64.05194695637603,62.515584948324125,1.1153643834166942,74.37265023087721,0.8014818583118478,Normal,0
Normal,ExpectedValueMax,10,52,89,False,True,False,environment_collapse,89,130.0,7.952304751672173,127.85737616445005,130.0,90.410971230654,45.19993317734938,83.65906425752254,1.2274242928029142,45.36037818317126,0.9399894860395791,Normal,0
Normal,ExpectedValueMax,11,53,146,False,True,False,environment_collapse,146,130.0,6.742100997471205,130.0,130.0,89.9904396652114,47.00359560557009,131.95970924372656,1.1864073476992882,59.854751384622915,0.9038336249570312,Normal,0
Normal,ExpectedValueMax,12,54,82,False,True,False,environment_collapse,82,103.11659983331512,1.545179278338999,98.59121548300676,119.51804129163257,86.753811769033,78.49138012666671,74.85316194532793,1.2073466600403533,78.49138012666671,0.9128434383576577,Normal,0
Normal,ExpectedValueMax,13,55,79,False,True,False,environment_collapse,79,130.0,3.117416919468627,121.75157282912971,130.0,88.33345854051599,52.72435637387899,72.56972538864183,1.2449418371935155,54.37510100418151,0.9186041188435674,Normal,0
Normal,ExpectedValueMax,14,56,90,False,True,False,environment_collapse,90,118.11551654215734,6.708064322381139,108.81125596455564,128.83483505470537,97.86010543186276,66.45576617467367,86.06289159974985,1.2129123782527071,66.45576617467367,0.9562543511083317,Normal,0
Normal,ExpectedValueMax,15,57,160,False,True,False,environment_collapse,160,130.0,0.0,129.96011140843896,130.0,101.34857754754728,55.84015488149716,155.88492379214134,1.3071977246282558,55.84015488149716,0.9742807737008834,Normal,0
Normal,ExpectedValueMax,16,58,156,False,True,False,environment_collapse,156,130.0,6.372195205411712,130.0,130.0,96.07522606346953,42.6188143531849,148.99468380936088,1.2503399851849046,57.140631385588236,0.9550941269830826,Normal,0
Normal,ExpectedValueMax,17,59,79,False,True,False,environment_collapse,79,130.0,1.9089893697474007,119.30734931835005,130.0,78.74916195355615,55.7066356838728,71.35873593052577,1.1681256394422892,55.7066356838728,0.9032751383610856,Normal,0
Normal,ExpectedValueMax,18,60,140,False,True,False,exposure_cascade,140,95.81952651220749,0.0,110.08211918650265,115.32387965853394,99.25930219225941,93.44263127545624,129.83047511399,1.214125015391168,93.44263127545624,0.9273605365284999,Normal,0
Normal,ExpectedValueMax,19,61,109,False,True,False,environment_collapse,109,130.0,6.134672004022008,130.0,130.0,92.30866114415953,47.06062108066075,98.47965913428816,1.2471681411423647,48.28605454209941,0.9034831113237446,Normal,0
Normal,RiskAdjustedUtility,0,10042,200,True,False,False,alive,-1,130.0,64.78415887690846,130.0,130.0,130.0,11.575905269865475,143.8841722840718,0.8937607741483281,39.18116767680838,0.719420861420359,Normal,0
Normal,RiskAdjustedUtility,1,10043,200,True,False,False,alive,-1,130.0,93.69973738888307,130.0,130.0,116.18410117236591,8.640894842847583,134.23579392879188,0.8591562113091546,70.86507136850864,0.6711789696439594,Normal,0
Normal,RiskAdjustedUtility,2,10044,200,True,False,False,alive,-1,130.0,71.48854578937784,130.0,130.0,130.0,15.232658775759278,146.3960878545327,0.8843218111111799,34.930435047966526,0.7319804392726635,Normal,0
Normal,RiskAdjustedUtility,3,10045,200,True,False,False,alive,-1,130.0,103.6796270219434,130.0,130.0,54.02234505204651,11.158983094612744,114.8114636291558,0.7068303095115367,38.645614349325704,0.574057318145779,Normal,0
Normal,RiskAdjustedUtility,4,10046,200,True,False,False,alive,-1,130.0,87.82457994373625,130.0,130.0,130.0,15.76132081379539,142.12761138691314,0.8777727193672415,67.91561947588387,0.7106380569345657,Normal,0
Normal,RiskAdjustedUtility,5,10047,200,True,False,False,alive,-1,130.0,107.37451736307523,130.0,130.0,127.06165525286188,12.243686507655822,149.40486138021814,0.895205173591418,20.05793007388332,0.7470243069010907,Normal,0
Normal,RiskAdjustedUtility,6,10048,200,True,False,False,alive,-1,123.03669915786486,108.47413446008535,130.0,130.0,130.0,13.909407168525187,152.92208267596513,0.9008810222921202,22.93401402440155,0.7646104133798256,Normal,0
Normal,RiskAdjustedUtility,7,10049,200,True,False,False,alive,-1,130.0,115.47955026525625,130.0,130.0,130.0,9.820708446253777,152.71549899862427,0.9061674376183984,22.13535943228686,0.7635774949931213,Normal,0
Normal,RiskAdjustedUtility,8,10050,200,True,False,False,alive,-1,130.0,93.46600382647777,130.0,130.0,130.0,10.037007865303604,149.9389011593346,0.899044633059968,26.12506272321532,0.749694505796673,Normal,0
Normal,RiskAdjustedUtility,9,10051,200,True,False,False,alive,-1,118.57176987394737,72.39801937417386,123.38741044206537,130.0,130.0,30.752614726116832,146.83845447988597,0.8974559279606087,38.080009458709945,0.7341922723994299,Normal,0
Normal,RiskAdjustedUtility,10,10052,200,True,False,False,alive,-1,130.0,89.18532047709226,130.0,130.0,130.0,10.13996086357409,149.5296458272031,0.9031398725825188,18.602733994639156,0.7476482291360155,Normal,0
Normal,RiskAdjustedUtility,11,10053,200,True,False,True,knowledge_freeze,132,130.0,119.20288562550472,130.0,130.0,23.45868499242503,11.770423361361978,100.06458807029948,0.6416968816992048,32.855269101991986,0.5003229403514974,Normal,0
Normal,RiskAdjustedUtility,12,10054,200,True,False,False,alive,-1,130.0,105.10499709679411,130.0,130.0,130.0,9.41342946351375,141.55860219447544,0.9052705761122032,60.89612600644703,0.7077930109723772,Normal,0
Normal,RiskAdjustedUtility,13,10055,200,True,False,False,alive,-1,130.0,88.9412774507306,130.0,130.0,130.0,9.042833416752027,152.5150820082296,0.9095221561054875,29.91129915920076,0.762575410041148,Normal,0
Normal,RiskAdjustedUtility,14,10056,200,True,False,False,alive,-1,130.0,104.9051635077466,130.0,130.0,123.48484680182293,9.862781827712782,147.68186596498174,0.9077733180033609,36.69062159508887,0.7384093298249087,Normal,0
Normal,RiskAdjustedUtility,15,10057,200,True,False,False,alive,-1,130.0,118.67117717962677,129.69090215549187,130.0,129.4657156150419,10.371626499592175,149.90403271845156,0.9035977215394779,17.318601714530256,0.7495201635922578,Normal,0
Normal,RiskAdjustedUtility,16,10058,200,True,False,False,alive,-1,130.0,120.17223257791099,130.0,130.0,130.0,9.448591606994123,155.9866206578092,0.9030018413605098,17.50268405727814,0.779933103289046,Normal,0
Normal,RiskAdjustedUtility,17,10059,200,True,False,False,alive,-1,130.0,35.24727720357499,130.0,130.0,130.0,9.911026804954767,149.87510133876017,0.899340430570057,24.697719929376603,0.7493755066938008,Normal,0
Normal,RiskAdjustedUtility,18,10060,200,True,False,False,alive,-1,130.0,58.76472868335729,130.0,130.0,122.70023749967557,12.577053095770399,146.02777876503853,0.8643562211154482,39.2171294557225,0.7301388938251927,Normal,0
Normal,RiskAdjustedUtility,19,10061,200,True,False,False,alive,-1,130.0,93.31410004181106,130.0,130.0,130.0,18.73976832070133,140.62467628854043,0.8762603046315551,28.96216282196496,0.7031233814427021,Normal,0
Normal,NRMO_Original,0,20042,164,False,True,False,environment_collapse,164,130.0,3.4101609861407685,130.0,130.0,130.0,23.12739393606562,140.80908835272248,1.4278061604830685,57.7191186652156,0.8585920021507468,Normal,0
Normal,NRMO_Original,1,20043,65,False,True,False,environment_collapse,65,104.78712842038568,7.770566754277471,99.45033616188587,130.0,88.36768004638694,31.835654493300442,33.83153856079541,0.8351422099895343,82.50065277952363,0.5204852086276217,Normal,0
Normal,NRMO_Original,2,20044,125,False,True,False,environment_collapse,125,101.35177095840709,3.5539950916010064,113.11096037577597,118.87740722544375,112.33076356380018,66.07678701093403,111.89218378843022,1.2818858604523136,69.40922881337687,0.8951374703074417,Normal,0
Normal,NRMO_Original,3,20045,200,True,False,False,alive,-1,126.47750634639604,17.95471501053039,127.57755054206773,130.0,130.0,40.12867127480016,185.84636167407592,1.5345023950393335,45.889279497553744,0.9292318083703797,Normal,0
Normal,NRMO_Original,4,20046,200,True,False,False,alive,-1,130.0,24.48437787696597,130.0,130.0,130.0,22.910764273353315,185.21950622975356,1.54556922756879,78.10640522564668,0.9260975311487678,Normal,0
Normal,NRMO_Original,5,20047,127,False,True,False,environment_collapse,127,123.7139003628433,6.786063822322698,127.84757395422551,130.0,111.06818752689578,48.307766877021024,118.46612898674758,1.3478816451424036,58.14923747865022,0.9328041652499809,Normal,0
Normal,NRMO_Original,6,20048,200,True,False,False,alive,-1,130.0,28.205511800881087,130.0,130.0,130.0,19.8973618689246,173.19331307678905,1.4720840610043882,60.67787061102011,0.8659665653839452,Normal,0
Normal,NRMO_Original,7,20049,185,False,True,False,environment_collapse,185,130.0,3.6067781859124644,130.0,130.0,130.0,36.68184340512196,181.23713788250885,1.5100101688192762,50.35739243837055,0.9796602047703181,Normal,0
Normal,NRMO_Original,8,20050,112,False,True,False,environment_collapse,112,130.0,3.6136879734716825,130.0,130.0,106.48382739572841,33.583621469525745,90.28810758953495,1.242687241294519,62.9146523722615,0.8061438177637049,Normal,0
Normal,NRMO_Original,9,20051,200,True,False,False,alive,-1,130.0,28.413422771158256,130.0,130.0,130.0,25.908374093246145,199.20653058764373,1.4054215532380157,50.52705313315305,0.9960326529382186,Normal,0
Normal,NRMO_Original,10,20052,90,False,True,False,environment_collapse,90,130.0,0.0,130.0,130.0,87.29462631266956,27.529840745111805,63.2262221875266,0.9861282984042365,51.60674877573285,0.7025135798614067,Normal,0
Normal,NRMO_Original,11,20053,200,True,False,False,alive,-1,130.0,28.862723163725793,130.0,130.0,130.0,28.831272088248312,185.1213989171917,1.4401857818480341,48.33566379937531,0.9256069945859585,Normal,0
Normal,NRMO_Original,12,20054,129,False,True,False,environment_collapse,129,130.0,6.4925297028071505,130.0,130.0,119.9883718439922,30.764155357750404,110.28848793048728,1.4077578828913742,61.48301925694276,0.8549495188409867,Normal,0
Normal,NRMO_Original,13,20055,200,True,False,False,alive,-1,130.0,28.787153993755744,130.0,130.0,130.0,37.56102339066084,196.44148581071505,1.5407356259712135,75.21896360215683,0.9822074290535753,Normal,0
Normal,NRMO_Original,14,20056,115,False,True,False,environment_collapse,115,97.91896654761453,3.2092630314967536,111.74365700831157,116.60320757552529,72.66435900283211,83.41230334215467,100.52047249069079,1.1168713672289188,83.41230334215467,0.8740910651364416,Normal,0
Normal,NRMO_Original,15,20057,197,False,True,False,environment_collapse,197,130.0,4.127548488452117,130.0,130.0,130.0,28.83055886611543,161.96141644589616,1.3281767585899436,55.38598209086577,0.8221391697761227,Normal,0
Normal,NRMO_Original,16,20058,187,False,True,False,environment_collapse,187,115.09852650871204,6.186513897639822,122.15414396324584,126.43533168512238,125.45999057605482,42.848957285751325,155.67939465761782,1.2769997864378686,47.45492457338977,0.8325101318589189,Normal,0
Normal,NRMO_Original,17,20059,178,False,True,False,environment_collapse,178,130.0,3.529614012118106,130.0,130.0,130.0,41.540144212640875,176.19673254458425,1.4180016179286141,51.45708594085953,0.9898692839583385,Normal,0
Normal,NRMO_Original,18,20060,68,False,True,False,environment_collapse,68,104.20786629011592,0.0,102.09220294766352,130.0,83.00630023773647,65.14400706987739,57.4065026650684,1.130242156387376,75.22172572570372,0.8442132744863,Normal,0
Normal,NRMO_Original,19,20061,72,False,True,False,environment_collapse,72,100.400199961574,0.0,103.71092316047834,119.08968089221142,58.72653771871679,69.46889944266903,52.43171747263739,1.0241864110816807,69.46889944266903,0.7282182982310749,Normal,0
Normal,NRMO_vNext,0,30042,200,True,False,False,alive,-1,130.0,79.59191211174706,130.0,130.0,130.0,14.707063421491702,140.86775482781565,1.1439598352556284,20.010441259845248,0.7043387741390782,Normal,0
Normal,NRMO_vNext,1,30043,200,True,False,False,alive,-1,130.0,61.7584095751778,130.0,130.0,130.0,12.6402322173933,136.5784407118754,1.126766874459622,31.580082184799917,0.682892203559377,Normal,0
Normal,NRMO_vNext,2,30044,200,True,False,False,alive,-1,130.0,62.83795566263421,130.0,130.0,130.0,4.3120199823655145,135.08254490463867,1.1427218867228193,22.780952242143808,0.6754127245231933,Normal,0
Normal,NRMO_vNext,3,30045,200,True,False,False,alive,-1,130.0,91.5271236529342,130.0,130.0,130.0,12.175073254265842,138.93000535329995,1.1392573464530285,37.630530455540764,0.6946500267664998,Normal,0
Normal,NRMO_vNext,4,30046,200,True,False,False,alive,-1,130.0,91.23426314100374,130.0,130.0,130.0,17.742060860441228,143.33663798545874,1.142653193595172,21.430917701829426,0.7166831899272936,Normal,0
Normal,NRMO_vNext,5,30047,200,True,False,False,alive,-1,130.0,84.27831446601968,130.0,130.0,130.0,9.658696706759322,132.8732922317762,1.1222033413276238,43.11406244733432,0.664366461158881,Normal,0
Normal,NRMO_vNext,6,30048,200,True,False,False,alive,-1,130.0,117.56595486597287,125.58624680417523,130.0,130.0,8.0690692668936,131.4177759880869,1.1423121299804235,20.635349776692113,0.6570888799404345,Normal,0
Normal,NRMO_vNext,7,30049,200,True,False,False,alive,-1,130.0,77.70227810035303,130.0,130.0,130.0,10.008392108165744,136.03332064890841,1.1366971995952608,23.58037925891447,0.680166603244542,Normal,0
Normal,NRMO_vNext,8,30050,179,False,True,False,environment_collapse,179,130.0,7.878508850328215,130.0,130.0,130.0,34.923783309512366,116.07715942842147,1.1227268192985542,47.46729789444637,0.648475750996768,Normal,0
Normal,NRMO_vNext,9,30051,200,True,False,False,alive,-1,130.0,64.67964026340242,130.0,130.0,130.0,18.163337504318076,148.0327954195016,1.1413486544864235,42.6222706080247,0.740163977097508,Normal,0
Normal,NRMO_vNext,10,30052,200,True,False,False,alive,-1,130.0,68.05905564754326,130.0,130.0,125.98549729581397,8.027292986976656,140.2172572946134,1.14092979784675,24.159787075292165,0.701086286473067,Normal,0
Normal,NRMO_vNext,11,30053,200,True,False,False,alive,-1,130.0,61.95971592014341,125.8376529988853,130.0,130.0,20.299136787176636,141.9062185259849,1.1376158845446336,46.610176301249574,0.7095310926299245,Normal,0
Normal,NRMO_vNext,12,30054,200,True,False,False,alive,-1,130.0,39.17824404140723,130.0,130.0,130.0,22.05057823268117,132.986768950919,1.1068799885778224,61.36320344202275,0.6649338447545949,Normal,0
Normal,NRMO_vNext,13,30055,200,True,False,False,alive,-1,130.0,44.84784829255319,130.0,130.0,130.0,5.809906256270135,128.66454678008196,1.037479726610405,39.26670964850622,0.6433227339004098,Normal,0
Normal,NRMO_vNext,14,30056,141,False,True,False,environment_collapse,141,111.15770131121639,0.0,123.57729749712492,130.0,107.91107340767061,54.682358160249386,85.64253373115979,0.9878368612178023,60.364586612172914,0.6073938562493602,Normal,0
Normal,NRMO_vNext,15,30057,200,True,False,False,alive,-1,130.0,97.59598536880458,130.0,130.0,130.0,5.763675663834188,135.35637248629328,1.1197702578190254,28.460270409885226,0.6767818624314664,Normal,0
Normal,NRMO_vNext,16,30058,200,True,False,False,alive,-1,130.0,46.29586909290014,130.0,130.0,130.0,12.473754637608375,138.59364882460287,1.1408745498356851,47.45682800276076,0.6929682441230143,Normal,0
Normal,NRMO_vNext,17,30059,200,True,False,False,alive,-1,113.77482877735036,42.13309942273605,120.21504385114923,127.84858586707243,130.0,36.693872825218286,136.30737509736412,1.1344532450215148,38.50296719708957,0.6815368754868206,Normal,0
Normal,NRMO_vNext,18,30060,200,True,False,False,alive,-1,130.0,77.61661321793133,130.0,130.0,130.0,14.353998723510303,135.23673344948207,1.1409724492098376,62.98229953288897,0.6761836672474104,Normal,0
Normal,NRMO_vNext,19,30061,200,True,False,False,alive,-1,130.0,58.30443223842333,130.0,130.0,130.0,17.03401646602611,136.66162984915226,1.1394764922932024,34.0555897056433,0.6833081492457613,Normal,0
Normal,UltraConservative,0,40042,200,True,False,False,alive,-1,47.18558125799191,130.0,130.0,130.0,102.80233059572342,0.0,17.42917785210533,0.10499153829760074,14.993460658953293,0.08714588926052665,Normal,0
Normal,UltraConservative,1,40043,191,False,True,False,resource_collapse,191,7.8897738674825195,120.47289458816596,123.83416517948136,125.51250645565548,66.15308213326554,15.43678957785989,12.70948634762132,0.08240654158281814,20.73414759254294,0.06654181333833152,Normal,0
Normal,UltraConservative,2,40044,200,True,False,False,alive,-1,19.081431878308916,130.0,130.0,130.0,105.52757750014526,0.0,16.845868629247292,0.0995613194410404,31.543542230313435,0.08422934314623647,Normal,0
Normal,UltraConservative,3,40045,200,True,False,True,knowledge_freeze,54,64.91071578075749,128.27743286533803,129.41200927043187,129.51858950534572,49.028630794766514,3.1724595723319813,13.973077270574327,0.09026026861149168,14.760816082109951,0.06986538635287164,Normal,0
Normal,UltraConservative,4,40046,164,False,True,False,resource_collapse,164,2.9320403186831427,130.0,130.0,130.0,95.45021539451201,10.466556591575161,14.255749390312419,0.09506889696670096,14.733470894127791,0.08692530116044157,Normal,0
Normal,UltraConservative,5,40047,162,False,True,False,resource_collapse,162,1.00380282906678,130.0,130.0,130.0,103.9165594766262,2.8829133750363964,14.34234660264875,0.10055128270130638,29.09068478959198,0.08853300372005402,Normal,0
Normal,UltraConservative,6,40048,200,True,False,False,alive,-1,37.56295161080952,130.0,130.0,130.0,99.82786183514018,0.0,18.408977752316822,0.11409798091520879,41.99640775950168,0.0920448887615841,Normal,0
Normal,UltraConservative,7,40049,200,True,False,False,alive,-1,30.961678406891178,130.0,130.0,130.0,98.25766142996181,0.0,17.19809936861961,0.09630433547130164,24.20540102668751,0.08599049684309805,Normal,0
Normal,UltraConservative,8,40050,138,False,True,False,resource_collapse,138,0.0,115.72382631138046,120.43742742839163,122.24092960513163,44.750301647719006,22.882714887763562,10.86095121403098,0.09507989474978379,22.882714887763562,0.07870254502921,Normal,0
Normal,UltraConservative,9,40051,173,False,True,False,resource_collapse,173,5.980370550480451,92.29474163592837,103.70638239072912,109.47025466743456,68.46125985673248,59.70864694401228,14.490416853734978,0.09385741818559325,59.70864694401228,0.08375963499268774,Normal,0
Normal,UltraConservative,10,40052,200,True,False,False,alive,-1,22.840332771630443,130.0,130.0,130.0,107.55500606931912,0.0,17.095372389478246,0.09934993075438973,14.728783416445413,0.08547686194739124,Normal,0
Normal,UltraConservative,11,40053,200,True,False,False,alive,-1,22.11397891578889,130.0,130.0,130.0,106.50541502903243,0.0,18.471368212062085,0.10814507647811893,20.854284263475368,0.09235684106031043,Normal,0
Normal,UltraConservative,12,40054,200,True,False,False,alive,-1,67.46090795400781,130.0,130.0,130.0,115.2146686275181,0.0,20.484620051151406,0.12787290360706816,15.484863002749453,0.10242310025575703,Normal,0
Normal,UltraConservative,13,40055,200,True,False,False,alive,-1,56.96979158688808,130.0,130.0,130.0,108.49837302589617,0.0,19.620936326598972,0.11928974690537869,25.576855254555372,0.09810468163299486,Normal,0
Normal,UltraConservative,14,40056,200,True,False,False,alive,-1,61.203213584720096,130.0,130.0,130.0,46.46149917267142,0.0,14.254144570145462,0.08390106099992027,23.02329666644738,0.0712707228507273,Normal,0
Normal,UltraConservative,15,40057,200,True,False,False,alive,-1,64.2255615084279,130.0,130.0,130.0,82.21852079654896,0.0,16.945668456746304,0.10251085761348382,18.073289464872097,0.08472834228373152,Normal,0
Normal,UltraConservative,16,40058,200,True,False,False,alive,-1,20.390449872842346,130.0,130.0,130.0,65.44531241820674,0.0,16.03269236370938,0.0930893733256652,16.4240926793361,0.0801634618185469,Normal,0
Normal,UltraConservative,17,40059,200,True,False,False,alive,-1,34.236715529563504,130.0,130.0,130.0,106.6799752921872,0.0,17.93798934041216,0.1065421762601652,21.904450885503216,0.08968994670206079,Normal,0
Normal,UltraConservative,18,40060,200,True,False,False,alive,-1,58.49246435170613,127.60119475843996,128.92348479321515,130.0,110.64469322738098,4.217769508272168,18.434910277550163,0.12177447995247763,36.041567078902084,0.09217455138775081,Normal,0
Normal,UltraConservative,19,40061,200,True,False,False,alive,-1,62.47988717386976,130.0,130.0,130.0,118.96586825670055,0.0,20.325055565819255,0.12701202880139922,14.734788307088479,0.10162527782909628,Normal,0
Normal,AlphaSearch,0,50042,60,False,True,False,environment_collapse,60,130.0,0.5621876995590185,100.34242613130642,130.0,83.91257709596309,55.57152674258322,51.956782668122905,1.0267803700606228,60.89509946574411,0.8659463778020484,Normal,0
Normal,AlphaSearch,1,50043,110,False,True,False,environment_collapse,110,122.00192357313946,7.44364780461061,123.34404824300888,127.49651433795663,89.59084810435118,59.72026012035436,97.8885179824931,1.0492617334299414,66.00156563360788,0.8898956180226645,Normal,0
Normal,AlphaSearch,2,50044,200,True,False,False,alive,-1,130.0,14.166388985134311,130.0,130.0,104.53908012779769,39.23331768672413,182.23808231237996,1.125787584613429,54.32397578494816,0.9111904115618998,Normal,0
Normal,AlphaSearch,3,50045,171,False,True,False,environment_collapse,171,130.0,5.658986811979544,130.0,130.0,117.18133781242003,42.07768734488772,165.09858198811165,1.1864704214996162,48.846496432929314,0.9654887835562085,Normal,0
Normal,AlphaSearch,4,50046,90,False,True,False,environment_collapse,90,109.63095845206817,5.500784089763704,116.33022079889722,120.45883213416384,78.46065625846593,73.9135858059844,77.35385878380787,0.9942136103101247,73.9135858059844,0.8594873198200874,Normal,0
Normal,AlphaSearch,5,50047,152,False,True,False,environment_collapse,152,130.0,5.532264009249941,130.0,130.0,93.33219088469399,45.090562966238,136.29110925836713,1.0719945162465312,51.35449712658246,0.8966520345945206,Normal,0
Normal,AlphaSearch,6,50048,165,False,True,False,environment_collapse,165,129.66435198506792,3.102187004586993,130.0,130.0,121.03745902678178,38.51459506125818,161.15517268025596,1.2031952339202652,72.41847668350087,0.9766980162439755,Normal,0
Normal,AlphaSearch,7,50049,112,False,True,False,environment_collapse,112,130.0,0.0,130.0,130.0,97.87422462240112,45.61221719175748,103.1203436929621,1.0937962781875255,54.30236182426548,0.9207173544014473,Normal,0
Normal,AlphaSearch,8,50050,109,False,True,False,environment_collapse,109,99.54222272629622,1.9998592676748395,112.32953398493322,117.73443039980009,98.26267283644667,80.15640622462406,101.06548878773579,1.093379967383383,80.15640622462406,0.9272063191535393,Normal,0
Normal,AlphaSearch,9,50051,175,False,True,False,environment_collapse,175,130.0,6.191618933896384,130.0,130.0,128.20671189060133,40.04701611274044,179.90482918359533,1.2393922170748866,62.54547528073265,1.0280275953348303,Normal,0
Normal,AlphaSearch,10,50052,102,False,True,False,environment_collapse,102,109.78579218239359,6.705615186061397,117.97506310716146,122.24361149986089,98.34556573570227,68.39778152604873,94.81827735776989,1.0936393512315277,68.39778152604873,0.92959095448794,Normal,0
Normal,AlphaSearch,11,50053,130,False,True,False,environment_collapse,130,130.0,7.534796190571273,130.0,130.0,108.19439952798386,35.510738029662825,115.12042110129136,1.1399921596692593,56.401364776052255,0.8855417007791643,Normal,0
Normal,AlphaSearch,12,50054,121,False,True,False,environment_collapse,121,130.0,3.5913189265802448,130.0,130.0,100.8537644863533,38.12427239530114,112.63520175654365,1.108098069534496,51.0034468754304,0.930869436004493,Normal,0
Normal,AlphaSearch,13,50055,182,False,True,False,environment_collapse,182,115.28984369210309,0.0,121.1515360749114,125.38409870841203,124.76184437724912,59.321620576444666,181.1593930246353,1.2194168126537468,59.321620576444666,0.9953812803551391,Normal,0
Normal,AlphaSearch,14,50056,190,False,True,False,environment_collapse,190,130.0,0.0,130.0,130.0,130.0,43.5287989403377,197.4185204011283,1.2480000000000002,47.9576825169965,1.0390448442164646,Normal,0
Normal,AlphaSearch,15,50057,154,False,True,False,environment_collapse,154,130.0,6.055827286155211,130.0,130.0,95.54956366858669,38.166502220283924,129.0893089654652,1.0826379056092161,55.35688995130735,0.8382422660095142,Normal,0
Normal,AlphaSearch,16,50058,87,False,True,False,environment_collapse,87,130.0,1.8561142113050728,111.97826700833143,130.0,81.45493354043622,60.13358789040723,72.76817717971325,1.014983680994094,77.36129154402835,0.8364158296518764,Normal,0
Normal,AlphaSearch,17,50059,113,False,True,False,environment_collapse,113,130.0,1.9379775017836955,124.27127540246768,130.0,97.94720838044016,48.76607384940964,106.33553747050826,1.0941466002261127,48.76607384940964,0.9410224554912235,Normal,0
Normal,AlphaSearch,18,50060,95,False,True,False,environment_collapse,95,130.0,7.325956895765826,129.8604701731656,130.0,83.97568002364724,51.875931713301014,84.98635398011373,1.0243995111098816,52.099819674283296,0.8945931997906709,Normal,0
Normal,AlphaSearch,19,50061,200,False,True,False,environment_collapse,200,130.0,6.014272434591259,130.0,130.0,130.0,40.361007188686095,213.23042871747955,1.2480000000000002,56.03936576021434,1.0661521435873977,Normal,0
Normal,NRMO_StrongEngine,0,60042,110,False,True,False,environment_collapse,110,93.78439053391985,0.0,116.37252653884654,121.12946581153012,108.16964019708912,74.09732040489449,97.67518555616276,1.1272846624275188,74.09732040489449,0.8879562323287523,Normal,0
Normal,NRMO_StrongEngine,1,60043,200,True,False,False,alive,-1,130.0,20.97825261158228,130.0,130.0,130.0,19.943762858957818,190.23627144028058,1.2480000000000002,48.30396576172238,0.9511813572014028,Normal,0
Normal,NRMO_StrongEngine,2,60044,200,True,False,False,alive,-1,130.0,20.999753590265513,130.0,130.0,130.0,27.134513192267477,202.22667819129745,1.2480000000000002,41.23153716287054,1.0111333909564872,Normal,0
Normal,NRMO_StrongEngine,3,60045,200,True,False,False,alive,-1,130.0,28.940901149422977,130.0,130.0,130.0,27.950976387583008,189.80757337448026,1.2480000000000002,60.09973031115764,0.9490378668724013,Normal,0
Normal,NRMO_StrongEngine,4,60046,186,False,True,False,environment_collapse,186,120.9315009600649,0.0,127.24184531084269,130.0,128.38176997365406,27.782944486520098,157.8733722600029,1.1449435112316126,42.29754346651705,0.8487815712903382,Normal,0
Normal,NRMO_StrongEngine,5,60047,111,False,True,False,environment_collapse,111,130.0,6.191610760026332,130.0,130.0,93.1447869766728,42.79287701099249,97.85932382267086,1.0594623858681795,61.932848138375164,0.8816155299339717,Normal,0
Normal,NRMO_StrongEngine,6,60048,141,False,True,False,environment_collapse,141,106.43856323287704,7.670090376552025,115.921659944381,120.97736774093835,106.49545898443739,61.217325162986405,104.5955330377752,1.1330602058806556,61.217325162986405,0.741812291048051,Normal,0
Normal,NRMO_StrongEngine,7,60049,82,False,True,False,environment_collapse,82,130.0,0.0,125.15299849424974,130.0,96.30368333847503,29.394908733232207,59.253791966826135,1.0702062539699926,50.32582633459647,0.7226072191076358,Normal,0
Normal,NRMO_StrongEngine,8,60050,90,False,True,False,environment_collapse,90,114.91425051200387,0.18030748095418403,107.58125649631369,126.01346686028859,96.58098212574735,63.333880269170336,83.37315192044811,1.0840319281772912,63.333880269170336,0.9263683546716457,Normal,0
Normal,NRMO_StrongEngine,9,60051,62,False,True,False,environment_collapse,62,130.0,6.906843386042656,109.15141101632753,130.0,88.18222652715947,47.39612985733552,51.67159607413242,1.0315085867400147,48.53830483170017,0.8334128399053615,Normal,0
Normal,NRMO_StrongEngine,10,60052,200,True,False,False,alive,-1,117.87387804920286,13.078225467907968,124.10636632895941,130.0,130.0,48.27629781108613,175.21682548894933,1.2480000000000002,56.028452364925485,0.8760841274447466,Normal,0
Normal,NRMO_StrongEngine,11,60053,200,True,False,False,alive,-1,130.0,30.198491484405103,130.0,130.0,130.0,30.853564594494543,204.0931595385027,1.2480000000000002,40.749480976921454,1.0204657976925136,Normal,0
Normal,NRMO_StrongEngine,12,60054,172,False,True,False,environment_collapse,172,130.0,1.183617346969644,130.0,130.0,116.49343477302668,44.59829257856989,161.4943209621803,1.1831684869105281,52.7033702483357,0.9389204707103506,Normal,0
Normal,NRMO_StrongEngine,13,60055,81,False,True,False,environment_collapse,81,118.18213213633014,0.0,117.86456713009609,126.19638406007027,93.12729912577996,59.05251836736596,70.42766821310795,1.0687319574431966,59.05251836736596,0.8694773853470117,Normal,0
Normal,NRMO_StrongEngine,14,60056,200,True,False,False,alive,-1,130.0,28.54063983487879,130.0,130.0,130.0,26.29575645817038,201.26314827308042,1.2480000000000002,43.70240149726818,1.006315741365402,Normal,0
Normal,NRMO_StrongEngine,15,60057,125,False,True,False,environment_collapse,125,130.0,5.945052261401958,130.0,130.0,123.34808420954172,28.925796135826168,107.63439862844511,1.105405288253707,48.05756583852255,0.8610751890275609,Normal,0
Normal,NRMO_StrongEngine,16,60058,200,True,False,False,alive,-1,130.0,28.460346339545985,130.0,130.0,130.0,20.60673430506168,157.128392551381,1.2334539562260676,69.56330898594595,0.785641962756905,Normal,0
Normal,NRMO_StrongEngine,17,60059,128,False,True,False,environment_collapse,128,112.94979190437589,0.0,123.27822399817256,126.06338705137206,121.36766653234623,45.37983624760564,101.38590945691566,1.1438085933298467,48.61600634782619,0.7920774176321536,Normal,0
Normal,NRMO_StrongEngine,18,60060,200,True,False,False,alive,-1,130.0,30.147688733340544,130.0,130.0,117.70739351162644,32.170285809827305,194.263952290276,1.188995488855807,46.29951479893851,0.97131976145138,Normal,0
Normal,NRMO_StrongEngine,19,60061,124,False,True,False,environment_collapse,124,130.0,7.580414967893255,130.0,130.0,105.32060630417254,28.56237767407437,102.95268128190338,1.112205687374085,52.18350780989048,0.8302635587250272,Normal,0
Normal,NRMOvNext_StrongEngine,0,70042,200,True,False,False,alive,-1,130.0,79.48405064280229,130.0,130.0,130.0,7.276669992415011,117.48776520824629,0.7020000000000001,32.941285782836054,0.5874388260412314,Normal,0
Normal,NRMOvNext_StrongEngine,1,70043,200,True,False,False,alive,-1,130.0,67.09240800159746,130.0,130.0,130.0,9.163187625734244,119.79211916448159,0.7020000000000001,71.5272926380865,0.5989605958224079,Normal,0
Normal,NRMOvNext_StrongEngine,2,70044,200,True,False,False,alive,-1,121.0237672800954,119.24862688867562,130.0,130.0,62.14663288143413,3.8176310785367686,79.79870546705256,0.49456008043612976,46.49469823787196,0.3989935273352628,Normal,0
Normal,NRMOvNext_StrongEngine,3,70045,200,True,False,False,alive,-1,130.0,126.97556422018104,130.0,130.0,125.82038660476186,1.746085962261891,111.79797399529399,0.7020000000000001,38.87799239992664,0.5589898699764699,Normal,0
Normal,NRMOvNext_StrongEngine,4,70046,200,True,False,False,alive,-1,109.35032020911231,130.0,115.12548703561022,130.0,114.93411058564718,18.41044498799876,101.84109275000863,0.6575837555430951,20.59947684585007,0.5092054637500432,Normal,0
Normal,NRMOvNext_StrongEngine,5,70047,200,True,False,False,alive,-1,130.0,110.41412449604039,130.0,130.0,130.0,13.057581499763838,118.73829261879706,0.7020000000000001,36.82653625413292,0.5936914630939853,Normal,0
Normal,NRMOvNext_StrongEngine,6,70048,200,True,False,False,alive,-1,130.0,120.25480492574141,130.0,130.0,130.0,5.260385615917405,122.4800477625101,0.7020000000000001,34.545742034662126,0.6124002388125505,Normal,0
Normal,NRMOvNext_StrongEngine,7,70049,200,True,False,False,alive,-1,126.28166844816813,123.6474727820593,127.37241925934458,130.0,86.22822567300953,10.684784514605054,90.4803382153818,0.5737767141271798,27.666968358125978,0.45240169107690903,Normal,0
Normal,NRMOvNext_StrongEngine,8,70050,200,True,False,False,alive,-1,130.0,126.33705634286528,130.0,130.0,130.0,4.957939355686556,111.133194447513,0.7020000000000001,18.838868083665943,0.555665972237565,Normal,0
Normal,NRMOvNext_StrongEngine,9,70051,200,True,False,False,alive,-1,130.0,130.0,130.0,130.0,107.98447731341912,1.8126931858059128,102.2580430233411,0.6475005894680872,32.659626787259384,0.5112902151167055,Normal,0
Normal,NRMOvNext_StrongEngine,10,70052,200,True,False,False,alive,-1,130.0,129.42916767490968,130.0,130.0,130.0,0.0,122.82447004333986,0.7020000000000001,17.154637956379496,0.6141223502166993,Normal,0
Normal,NRMOvNext_StrongEngine,11,70053,200,True,False,False,alive,-1,130.0,102.54299408166132,130.0,130.0,130.0,8.24246058101158,123.94328804525435,0.7020000000000001,20.029587646055216,0.6197164402262717,Normal,0
Normal,NRMOvNext_StrongEngine,12,70054,200,True,False,False,alive,-1,130.0,110.3348345435301,130.0,130.0,130.0,0.0,120.59506054799523,0.7020000000000001,44.35044344314311,0.6029753027399761,Normal,0
Normal,NRMOvNext_StrongEngine,13,70055,200,True,False,False,alive,-1,130.0,128.7532622083386,130.0,130.0,130.0,3.5964995533158532,124.80756973313734,0.7020000000000001,25.746367645317747,0.6240378486656867,Normal,0
Normal,NRMOvNext_StrongEngine,14,70056,200,True,False,False,alive,-1,130.0,110.30592608346021,130.0,130.0,130.0,0.0,122.89611636351738,0.7020000000000001,32.580154255733376,0.6144805818175869,Normal,0
Normal,NRMOvNext_StrongEngine,15,70057,200,True,False,False,alive,-1,127.28698610395449,98.97394483322233,128.76399338457446,130.0,130.0,9.539882354386265,120.8368021941157,0.7020000000000001,22.851178720681148,0.6041840109705785,Normal,0
Normal,NRMOvNext_StrongEngine,16,70058,200,True,False,False,alive,-1,130.0,93.7936692521931,130.0,130.0,130.0,7.96590174317198,120.64963747382994,0.7020000000000001,33.727698589180044,0.6032481873691498,Normal,0
Normal,NRMOvNext_StrongEngine,17,70059,200,True,False,False,alive,-1,130.0,92.36263146160262,130.0,130.0,130.0,1.5226040894976836,122.88458359229816,0.7020000000000001,27.68018049312748,0.6144229179614907,Normal,0
Normal,NRMOvNext_StrongEngine,18,70060,200,True,False,False,alive,-1,125.81587964147586,126.01857747285484,128.06872106864995,130.0,130.0,6.630705443432767,122.02292830052069,0.7020000000000001,21.69958179808086,0.6101146415026034,Normal,0
Normal,NRMOvNext_StrongEngine,19,70061,200,True,False,False,alive,-1,130.0,107.01980502589964,128.3336004054627,130.0,130.0,3.3313439410512276,109.22672989742499,0.7020000000000001,67.83846845549753,0.546133649487125,Normal,0
Normal,Adaptive_NRMOvNext_SE,0,80042,200,True,False,False,alive,-1,130.0,130.0,130.0,130.0,130.0,6.502234954124207,120.52445016907268,0.7020000000000001,21.994211469823593,0.6026222508453634,Normal,0
Normal,Adaptive_NRMOvNext_SE,1,80043,200,True,False,False,alive,-1,130.0,93.8685915643492,129.5820115927118,124.52722422836811,130.0,11.391695980196033,120.1488410244871,0.7020000000000001,38.015452136290946,0.6007442051224355,Normal,0
Normal,Adaptive_NRMOvNext_SE,2,80044,200,True,False,False,alive,-1,129.78086780624372,79.51791010052705,130.0,130.0,130.0,17.249010527536907,109.94450438863375,0.7020000000000001,33.90478527108492,0.5497225219431687,Normal,0
Normal,Adaptive_NRMOvNext_SE,3,80045,200,True,False,False,alive,-1,130.0,117.9841717495359,130.0,130.0,119.91675028478248,4.244935905946907,119.24089393471755,0.7020000000000001,17.10202205259351,0.5962044696735878,Normal,0
Normal,Adaptive_NRMOvNext_SE,4,80046,200,True,False,False,alive,-1,130.0,84.64785245777708,130.0,130.0,130.0,6.029511323048296,118.18778243490766,0.7020000000000001,17.066696117857596,0.5909389121745383,Normal,0
Normal,Adaptive_NRMOvNext_SE,5,80047,200,True,False,False,alive,-1,130.0,115.44466258262705,130.0,130.0,118.399304224893,10.65848625422312,115.19548590953812,0.7020000000000001,25.576928588433898,0.5759774295476906,Normal,0
Normal,Adaptive_NRMOvNext_SE,6,80048,200,True,False,False,alive,-1,114.94440701082982,73.22320751386094,126.23662798885185,130.0,130.0,27.92835947288366,109.87641376638979,0.7020000000000001,43.691894753835115,0.549382068831949,Normal,0
Normal,Adaptive_NRMOvNext_SE,7,80049,200,True,False,False,alive,-1,130.0,51.1196259257808,130.0,130.0,130.0,10.103598697662717,120.94740507596089,0.7020000000000001,21.95229573663175,0.6047370253798044,Normal,0
Normal,Adaptive_NRMOvNext_SE,8,80050,200,True,False,False,alive,-1,130.0,120.0701937211151,120.45926996150077,130.0,130.0,6.860755965016682,120.29605121032532,0.7020000000000001,41.148003981265155,0.6014802560516266,Normal,0
Normal,Adaptive_NRMOvNext_SE,9,80051,200,True,False,False,alive,-1,130.0,130.0,130.0,130.0,130.0,3.315176710279476,116.58526234698638,0.7020000000000001,17.191098397277706,0.5829263117349319,Normal,0
Normal,Adaptive_NRMOvNext_SE,10,80052,190,False,True,False,environment_collapse,190,130.0,6.496725106221099,130.0,130.0,130.0,19.14130852734984,105.43795747919253,0.7020000000000001,40.2291018907206,0.5549366183115396,HighStakes,1
Normal,Adaptive_NRMOvNext_SE,11,80053,200,True,False,False,alive,-1,130.0,29.4432773165744,130.0,130.0,130.0,10.793620807289486,120.22134806347272,0.7020000000000001,27.26914430253393,0.6011067403173636,Normal,2
Normal,Adaptive_NRMOvNext_SE,12,80054,200,True,False,False,alive,-1,130.0,46.034364899566945,130.0,130.0,130.0,8.676255656289463,114.80527203423769,0.7020000000000001,27.071690302051234,0.5740263601711885,Normal,0
Normal,Adaptive_NRMOvNext_SE,13,80055,200,True,False,False,alive,-1,130.0,126.76953513817517,130.0,130.0,130.0,2.712887645883623,120.70955031727107,0.7020000000000001,17.161974698201668,0.6035477515863553,Normal,0
Normal,Adaptive_NRMOvNext_SE,14,80056,200,True,False,False,alive,-1,130.0,65.79865856983189,130.0,130.0,130.0,11.804085055827015,110.33908778515847,0.7020000000000001,40.454564106524714,0.5516954389257923,Normal,0
Normal,Adaptive_NRMOvNext_SE,15,80057,200,True,False,False,alive,-1,116.08828056665064,124.27201153446477,130.0,130.0,130.0,8.162886942562803,124.26614596333681,0.7020000000000001,17.14542032175727,0.621330729816684,Normal,0
Normal,Adaptive_NRMOvNext_SE,16,80058,200,True,False,False,alive,-1,109.17368397167184,86.0517369349795,121.70152081370739,130.0,130.0,32.37540629074505,115.58299550845271,0.7020000000000001,50.90586259547489,0.5779149775422635,Normal,0
Normal,Adaptive_NRMOvNext_SE,17,80059,200,True,False,False,alive,-1,129.63640455090396,123.4696324837809,130.0,130.0,125.45758506138142,2.723353251078165,118.8167060586552,0.7020000000000001,34.92908673126918,0.594083530293276,Normal,0
Normal,Adaptive_NRMOvNext_SE,18,80060,200,True,False,False,alive,-1,126.01888057260959,30.53938634678894,129.0710229244556,130.0,130.0,28.963841919282146,119.7680741654891,0.7020000000000001,58.883238554759416,0.5988403708274455,HighStakes,3
Normal,Adaptive_NRMOvNext_SE,19,80061,200,True,False,False,alive,-1,126.42983566794604,119.18170657861553,130.0,130.0,130.0,7.438194287979148,123.41113069174294,0.7020000000000001,21.938866278070243,0.6170556534587147,Normal,2
Normal,Adaptive_NRMOvNext_OmegaFull,0,90042,200,True,False,False,alive,-1,130.0,75.23908899871212,130.0,130.0,130.0,14.004188520470137,142.20919530067584,1.1439899169612642,46.083630447259125,0.7110459765033792,Normal,0
Normal,Adaptive_NRMOvNext_OmegaFull,1,90043,200,True,False,False,alive,-1,130.0,100.05613177636832,130.0,130.0,130.0,10.648353994161965,145.4374383050084,1.1242767779436404,44.68941035926826,0.7271871915250421,Normal,0
Normal,Adaptive_NRMOvNext_OmegaFull,2,90044,200,True,False,False,alive,-1,130.0,111.19013413940448,130.0,129.28276221119,130.0,15.721744352181766,147.20472459244385,1.107126633699585,20.61882931624624,0.7360236229622192,Normal,0
Normal,Adaptive_NRMOvNext_OmegaFull,3,90045,200,True,False,False,alive,-1,124.36775087153853,47.43855837852431,126.74877716903204,130.0,130.0,13.157000229180532,139.73087807749974,1.1361091518661086,57.09229162390324,0.6986543903874987,Normal,0
Normal,Adaptive_NRMOvNext_OmegaFull,4,90046,200,True,False,False,alive,-1,108.62370284695173,76.04427673765846,129.60595864903837,130.0,130.0,33.012608111924465,143.64044498449059,1.11642722823624,47.49635653290683,0.7182022249224529,Normal,0
Normal,Adaptive_NRMOvNext_OmegaFull,5,90047,200,True,False,False,alive,-1,130.0,106.06764418371141,130.0,130.0,130.0,8.253819976379404,150.08972886215494,1.138512209155312,19.345517837171997,0.7504486443107747,Normal,0
Normal,Adaptive_NRMOvNext_OmegaFull,6,90048,200,True,False,False,alive,-1,130.0,104.81768068808243,130.0,130.0,130.0,8.973987742095726,144.89221965430636,1.1257069674291391,38.0825194973916,0.7244610982715318,Normal,0
Normal,Adaptive_NRMOvNext_OmegaFull,7,90049,200,True,False,False,alive,-1,130.0,84.9563622569889,130.0,130.0,130.0,9.511793928441175,141.9530797832088,1.138120967342403,50.18166631820075,0.7097653989160441,Normal,0
Normal,Adaptive_NRMOvNext_OmegaFull,8,90050,200,True,False,False,alive,-1,121.29434658362781,61.92330901106746,130.0,130.0,130.0,24.728761331735537,130.69121216971982,1.110425145331023,80.57996165741024,0.6534560608485991,Normal,2
Normal,Adaptive_NRMOvNext_OmegaFull,9,90051,200,True,False,False,alive,-1,130.0,88.56673032397015,130.0,130.0,114.18818925652522,12.020454989671546,122.63321688947278,1.0286913126820378,26.89721351893426,0.6131660844473639,Normal,0
Normal,Adaptive_NRMOvNext_OmegaFull,10,90052,200,True,False,False,alive,-1,130.0,99.05120451920378,130.0,130.0,104.06057589632914,9.615462805280577,126.39782648806204,0.9704104390259672,30.68658044648631,0.6319891324403102,Normal,0
Normal,Adaptive_NRMOvNext_OmegaFull,11,90053,200,True,False,False,alive,-1,130.0,102.5974330256269,130.0,130.0,130.0,11.485050173047888,136.9602079520626,1.1387939306783403,25.182022826077894,0.684801039760313,Normal,0
Normal,Adaptive_NRMOvNext_OmegaFull,12,90054,200,True,False,False,alive,-1,130.0,97.38943987858232,130.0,130.0,130.0,5.834200227439979,150.18341451264993,1.1417746265154378,25.277683066048787,0.7509170725632497,Normal,0
Normal,Adaptive_NRMOvNext_OmegaFull,13,90055,200,True,False,False,alive,-1,130.0,93.90225008506609,128.12164552188247,130.0,130.0,26.55326288933114,142.85815685040822,1.13261105741428,40.015159339176606,0.7142907842520411,Normal,0
Normal,Adaptive_NRMOvNext_OmegaFull,14,90056,200,True,False,False,alive,-1,130.0,125.43351771600571,130.0,130.0,130.0,8.685789967164045,152.11898488231867,1.1330952859575325,22.242080476976813,0.7605949244115934,Normal,0
Normal,Adaptive_NRMOvNext_OmegaFull,15,90057,200,True,False,False,alive,-1,130.0,110.49543960206756,130.0,130.0,119.01874341239905,11.658861321976486,131.45846211886516,1.0943139469241254,26.67087705913223,0.6572923105943258,Normal,2
Normal,Adaptive_NRMOvNext_OmegaFull,16,90058,200,True,False,False,alive,-1,130.0,99.75298727614125,130.0,130.0,130.0,8.97379190672916,142.5826540363235,1.121413565322637,25.600993720416714,0.7129132701816175,Normal,0
Normal,Adaptive_NRMOvNext_OmegaFull,17,90059,200,True,False,False,alive,-1,130.0,99.32508816183855,130.0,130.0,130.0,8.832769703209804,145.3231340973183,1.1381188071163186,23.05355331666194,0.7266156704865915,Normal,0
Normal,Adaptive_NRMOvNext_OmegaFull,18,90060,200,True,False,False,alive,-1,130.0,66.67197356501939,130.0,130.0,127.49454657774659,16.49664924670594,136.9797041059456,1.1227160132048288,38.221122199070585,0.6848985205297279,Normal,0
Normal,Adaptive_NRMOvNext_OmegaFull,19,90061,200,True,False,False,alive,-1,130.0,83.50476545314996,130.0,130.0,129.73519451559292,12.274576225526683,131.2704231061507,1.1266899121468414,53.89019238882369,0.6563521155307535,Normal,0
Vulnerable,ExpectedValueMax,0,100042,41,False,True,False,environment_collapse,41,123.90129560605912,5.815039794808309,89.58406532308685,93.22221924689639,46.444993991942894,64.22017080842262,30.930618907475473,0.9508829874225859,69.59580628781035,0.7544053392067188,Normal,0
Vulnerable,ExpectedValueMax,1,100043,59,False,True,False,environment_collapse,59,105.36160149208872,0.0,88.14384527529843,73.6664543732697,17.347241178564218,91.57867045737353,42.757244122899685,0.9463366216894987,91.57867045737353,0.7246990529305032,Normal,0
Vulnerable,ExpectedValueMax,2,100044,68,False,True,False,environment_collapse,68,130.0,2.388586992844333,95.55709148635992,130.0,85.3655430285319,59.43703786081235,57.43609971135067,1.1997522241115126,60.064518332968696,0.8446485251669217,Normal,0
Vulnerable,ExpectedValueMax,3,100045,66,False,True,False,environment_collapse,66,130.0,7.897118076780451,105.1561873581843,127.94019477736121,66.68480208501664,56.24320852742058,53.79157865453906,1.0361365459333771,62.866573936440034,0.8150239190081675,Normal,0
Vulnerable,ExpectedValueMax,4,100046,21,False,True,False,environment_collapse,21,85.07519299958855,0.0,73.02763270225918,63.03745303263793,53.55477624397997,66.73314798226401,12.807200828019239,0.746909875324822,66.73314798226401,0.6098667060961542,Normal,0
Vulnerable,ExpectedValueMax,5,100047,24,False,True,False,environment_collapse,24,111.28364872575764,0.18476777021626134,63.69107938942908,92.68855366495508,62.46281550053578,58.90358412653051,16.909805927705612,0.8927373760402639,58.90358412653051,0.7045752469877339,Normal,0
Vulnerable,ExpectedValueMax,6,100048,60,False,True,False,exposure_cascade,60,52.08249674339329,0.0,74.35532557296206,76.45411193384997,44.02060256507355,118.46167949506398,43.32722724723004,0.9582902692858903,118.46167949506398,0.7221204541205007,Normal,0
Vulnerable,ExpectedValueMax,7,100049,14,False,True,False,optionality_collapse,14,90.0702476995196,56.733293679651254,71.05272795856861,0.0,52.900764202978536,59.772869138700436,9.094783323110745,0.7804602049470722,59.772869138700436,0.649627380222196,Normal,0
Vulnerable,ExpectedValueMax,8,100050,10,False,True,False,exposure_cascade,10,7.535686298861592,16.28511131064569,38.766231737718854,17.50361387120817,46.41570507718919,95.19233153954389,4.523097047426458,0.6504573089225886,95.19233153954389,0.4523097047426458,Normal,0
Vulnerable,ExpectedValueMax,9,100051,35,False,True,False,exposure_cascade,35,93.2162897398866,0.0,72.70142891840969,38.61232351009736,59.58664325978403,100.09095616713468,25.385479234567576,0.9509614315247921,100.09095616713468,0.7252994067019307,Normal,0
Vulnerable,ExpectedValueMax,10,100052,44,False,True,True,environment_collapse,44,105.05753474373098,7.190949773776225,68.7985557856662,81.70170907594103,15.167886737404874,71.91462934817915,23.835223357865345,0.7278958613634654,71.91462934817915,0.541709621769667,Normal,0
Vulnerable,ExpectedValueMax,11,100053,59,False,True,False,environment_collapse,59,130.0,0.0,101.23886622690095,130.0,74.6518676340155,61.32188333392505,48.34949469547148,1.166105476764354,61.35095802213583,0.8194829609401946,Normal,0
Vulnerable,ExpectedValueMax,12,100054,34,False,True,True,exposure_cascade,34,78.79508655919747,41.61305434772998,78.21698950615753,49.594704759131695,0.0,92.97822997644451,14.63581936054613,0.6093633458069873,92.97822997644451,0.4304652753101803,Normal,0
Vulnerable,ExpectedValueMax,13,100055,15,False,True,False,environment_collapse,15,56.31293920887237,0.0,54.68466828577664,62.136877460190185,56.48387303799573,77.83239011931127,8.519050185211809,0.6987368907241565,77.83239011931127,0.5679366790141206,Normal,0
Vulnerable,ExpectedValueMax,14,100056,35,False,True,False,exposure_cascade,35,51.013548158349934,0.7979095730104362,49.27864219625698,65.73118075888276,36.57866637646758,103.20512499973299,19.85575936901085,0.758235562417114,103.20512499973299,0.5673074105431671,Normal,0
Vulnerable,ExpectedValueMax,15,100057,31,False,True,False,exposure_cascade,31,33.267480217564746,0.0,59.59473128327689,81.69395504672744,66.67116989134678,95.11711174856421,18.834576384422775,0.7733529676290525,95.11711174856421,0.6075669801426702,Normal,0
Vulnerable,ExpectedValueMax,16,100058,77,False,True,False,environment_collapse,77,130.0,4.706460315355623,44.49179868431539,120.03698236153375,25.921270522017,62.95782684484453,58.68507626439515,1.0067800435592889,73.03918040601022,0.7621438475895475,Normal,0
Vulnerable,ExpectedValueMax,17,100059,78,False,True,True,exposure_cascade,78,55.32886708534101,0.0,69.31643749422341,26.28451361403795,1.5347740971272479,126.67060510067887,43.34714890839884,0.7791011809921848,126.67060510067887,0.5557326783128057,Normal,0
Vulnerable,ExpectedValueMax,18,100060,15,False,True,False,exposure_cascade,15,0.0,0.0,20.44036304977689,37.49539696274238,53.926626824920625,130.0,8.22498369811572,0.7252473673660406,130.0,0.548332246541048,Normal,0
Vulnerable,ExpectedValueMax,19,100061,34,False,True,False,environment_collapse,34,81.60764222900899,0.0,42.98397126876918,78.58128522607777,35.17725631456591,83.38187362144423,19.618073625904984,0.7644305402435277,86.07606703786551,0.5770021654677936,Normal,0
Vulnerable,RiskAdjustedUtility,0,110042,179,False,True,False,environment_collapse,179,112.92987840938619,1.1018308488694615,130.0,130.0,103.5508223497943,38.71750423094881,100.42974598528717,0.7776994948759521,64.10817276671185,0.5610600334373584,Normal,0
Vulnerable,RiskAdjustedUtility,1,110043,44,False,True,False,environment_collapse,44,32.79027557461327,5.8607527190116855,77.20301277021196,103.48799745587097,64.74861897692297,71.5610210851687,17.92772143322457,0.47044244699984084,71.5610210851687,0.4074482143914675,Normal,0
Vulnerable,RiskAdjustedUtility,2,110044,1,False,True,False,governance_collapse,1,63.66428529305914,66.51964615488424,3.7752594575287475,55.91179142197889,52.520735030330016,37.198845455847156,0.3893091911759101,0.3893091911759101,37.198845455847156,0.3893091911759101,Normal,0
Vulnerable,RiskAdjustedUtility,3,110045,178,False,True,False,environment_collapse,178,41.78942354333074,0.0,112.53089524974544,120.33301334794474,89.69197742502662,84.60496423880353,73.13871914260922,0.6051192117207009,84.60496423880353,0.4108916805764563,Normal,0
Vulnerable,RiskAdjustedUtility,4,110046,141,False,True,True,exposure_cascade,141,26.01820880201204,49.5998340485368,107.06579079643423,101.25975852368485,0.0,92.54993744780235,45.5370476138656,0.4825680563592071,92.54993744780235,0.3229577844955007,Normal,0
Vulnerable,RiskAdjustedUtility,5,110047,34,False,True,False,governance_collapse,34,48.26183515899814,44.114251867422446,0.0,60.0629809110001,67.94003143505502,86.1012386595982,14.014040478318025,0.4835893709136647,86.1012386595982,0.4121776611270007,Normal,0
Vulnerable,RiskAdjustedUtility,6,110048,70,False,True,False,governance_collapse,70,101.38842644982029,40.84020507325731,0.0,130.0,86.60629748125164,56.18090733310933,36.817197303705484,0.6426368402834237,56.18090733310933,0.5259599614815069,Normal,0
Vulnerable,RiskAdjustedUtility,7,110049,6,False,True,False,resource_collapse,6,0.0,40.57103242216304,40.692430319847176,48.88603494226126,55.11050580325516,71.14749382483869,2.079489182382834,0.4010967704832076,71.14749382483869,0.34658153039713896,Normal,0
Vulnerable,RiskAdjustedUtility,8,110050,120,False,True,False,exposure_cascade,120,0.0,0.0,32.901199014341486,87.29437275971107,73.35082602628357,130.0,59.876571480455475,0.6093044640167122,130.0,0.4989714290037956,Normal,0
Vulnerable,RiskAdjustedUtility,9,110051,68,False,True,False,resource_collapse,68,6.801302227763863,41.08831113227472,61.99278868702286,68.29116923312475,43.65222571815602,86.09168686555043,19.954727411905207,0.37156949330736744,86.09168686555043,0.29345187370448833,Normal,0
Vulnerable,RiskAdjustedUtility,10,110052,71,False,True,False,environment_collapse,71,114.50472973445767,7.0472796987386825,121.73689250789455,125.66985389417539,79.2104429788827,45.66512069431626,36.141660230977855,0.6592355146415604,45.66512069431626,0.5090374680419416,Normal,0
Vulnerable,RiskAdjustedUtility,11,110053,5,False,True,False,resource_collapse,5,7.24196360729961,35.71300940343762,38.80917577575067,44.61556121155235,54.59062097551246,68.26473701880647,1.8101861339199325,0.41170199168590565,68.26473701880647,0.36203722678398653,Normal,0
Vulnerable,RiskAdjustedUtility,12,110054,84,False,True,False,environment_collapse,84,90.70238339822404,7.220420359496835,107.82895041255253,115.71064357318687,93.63749331012629,74.75231316011691,46.48547541566539,0.7019030577554655,74.75231316011691,0.5533985168531594,Normal,0
Vulnerable,RiskAdjustedUtility,13,110055,14,False,True,False,environment_collapse,14,40.982876763868695,7.292774432477284,59.37550350192314,67.3735789288296,43.871571800388296,64.95545463406229,5.56839619446682,0.4333782811472947,64.95545463406229,0.3977425853190586,Normal,0
Vulnerable,RiskAdjustedUtility,14,110056,200,True,False,True,knowledge_freeze,131,78.73143624902517,77.69683685958688,115.27974026290825,117.86515290037487,7.969199715357963,52.9634292059193,70.1369957037178,0.4621380180761829,61.577057364432775,0.350684978518589,Normal,0
Vulnerable,RiskAdjustedUtility,15,110057,29,False,True,False,environment_collapse,29,55.90002497007625,5.937879712284694,74.54966180698626,89.46977659674363,67.00828021730182,49.53861282396382,10.023213668312389,0.396537395302486,49.53861282396382,0.3456280575280134,Normal,0
Vulnerable,RiskAdjustedUtility,16,110058,27,False,True,False,optionality_collapse,27,24.120715675258623,43.94105210282249,52.817796595624635,4.7262354413154455,63.64196330127041,68.71358135981946,8.839044057693902,0.41777818993871685,84.08633236331838,0.3273720021368112,Normal,0
Vulnerable,RiskAdjustedUtility,17,110059,197,False,True,False,environment_collapse,197,75.4396165501575,0.0,130.0,130.0,92.38010326140731,43.58972279708817,63.66179670962439,0.5310408193226165,71.33945562910058,0.3231563284752507,Normal,0
Vulnerable,RiskAdjustedUtility,18,110060,110,False,True,False,environment_collapse,110,117.40214610551969,6.377151664680365,123.3428398057884,126.70436891234459,101.09712530714563,34.513949757814466,57.050646836776664,0.7696872041114315,70.43097189451774,0.5186422439706969,Normal,0
Vulnerable,RiskAdjustedUtility,19,110061,200,True,False,False,alive,-1,130.0,37.1446119972446,130.0,130.0,130.0,19.9324783427196,133.51476005941535,0.866082911495764,53.63815450062151,0.6675738002970768,Normal,0
Vulnerable,NRMO_Original,0,120042,10,False,True,False,exposure_cascade,10,0.0,0.0,6.78002838169467,19.099412512763074,33.90463984369915,130.0,4.9399125859437145,0.6068419510253245,130.0,0.49399125859437143,Normal,0
Vulnerable,NRMO_Original,1,120043,22,False,True,False,exposure_cascade,22,25.270339200102782,0.0,48.412950394743724,62.629945045133084,60.93702199264397,101.07495345226144,12.44850804130744,0.7256283709002957,101.07495345226144,0.5658412746048836,Normal,0
Vulnerable,NRMO_Original,2,120044,81,False,True,False,environment_collapse,81,112.3645369261045,0.2689133834325048,112.90044012009545,126.1364368373992,80.27188750779641,53.015631813705795,59.6077365678721,1.066976848371005,53.015631813705795,0.7358979823194086,Normal,0
Vulnerable,NRMO_Original,3,120045,35,False,True,False,environment_collapse,35,113.46270480586068,0.0,78.27615747570262,93.885572583045,59.05703136947565,68.63293712612497,25.078776480972728,0.8718683965067479,68.63293712612497,0.7165364708849351,Normal,0
Vulnerable,NRMO_Original,4,120046,41,False,True,False,environment_collapse,41,59.56595512701266,7.867787119321612,71.56021862067033,103.34540536062927,73.80227183558979,67.38640723123149,21.548902796427168,0.7972869192085408,68.02939906797867,0.525582995034809,Normal,0
Vulnerable,NRMO_Original,5,120047,64,False,True,False,environment_collapse,64,130.0,2.9369001609956857,111.06406049288746,130.0,81.56020342107091,43.02004944060372,49.604772524943535,1.1264648243757855,54.43323180669485,0.7750745707022427,Normal,0
Vulnerable,NRMO_Original,6,120048,32,False,True,False,environment_collapse,32,26.4544369143461,1.8845924678584751,56.2763958122829,76.442950313122,64.73059946699789,84.09746386380012,15.520714901812555,0.7145650770158405,84.09746386380012,0.48502234068164235,Normal,0
Vulnerable,NRMO_Original,7,120049,108,False,True,False,environment_collapse,108,102.76346560165139,7.327223927266765,115.43412803753763,118.92576474562256,46.95499386173249,75.23438303375681,65.9734111656919,1.0157624716611002,75.23438303375681,0.6108649182008509,Normal,0
Vulnerable,NRMO_Original,8,120050,34,False,True,False,exposure_cascade,34,43.65772097966362,10.02294780824819,49.9564587370687,83.06685666912159,59.932753115775455,112.11221153828865,24.5533675043916,1.0560454516007278,112.11221153828865,0.7221578677762235,Normal,0
Vulnerable,NRMO_Original,9,120051,47,False,True,False,exposure_cascade,47,17.630084392806438,0.0,42.245556720368,91.65138683009835,69.75529985161666,115.25412005933404,27.71047082596786,0.8014499143436351,115.25412005933404,0.5895844856588907,Normal,0
Vulnerable,NRMO_Original,10,120052,52,False,True,False,environment_collapse,52,109.21820633207304,0.0,81.88539681073317,111.71662390075875,61.82290023919615,77.9082664013288,38.33670400548517,1.0503885175966121,77.9082664013288,0.7372443077977917,Normal,0
Vulnerable,NRMO_Original,11,120053,34,False,True,False,exposure_cascade,34,30.93970780696933,15.969859679496103,45.88437011293912,78.76144875215827,63.87139745782626,103.01715711266301,23.21655071372691,0.9060000035539428,103.01715711266301,0.6828397268743209,Normal,0
Vulnerable,NRMO_Original,12,120054,36,False,True,False,environment_collapse,36,82.56831121871792,2.859606992330331,70.45516198734252,97.63414127065174,57.708165444863454,74.9930385219067,23.955475039313434,0.9370348257074429,74.9930385219067,0.6654298622031509,Normal,0
Vulnerable,NRMO_Original,13,120055,85,False,True,False,environment_collapse,85,129.3154722496814,0.0,58.74408257262405,130.0,81.10791898734031,72.1256677323135,62.94108283287937,1.2063498203528062,72.1256677323135,0.7404833274456396,Normal,0
Vulnerable,NRMO_Original,14,120056,85,False,True,False,environment_collapse,85,83.3297674772851,4.7609772546434925,90.6232984465768,122.18232911129692,94.18013763180039,62.48986971454928,56.3737060361172,1.0141459522625702,62.48986971454928,0.6632200710131435,Normal,0
Vulnerable,NRMO_Original,15,120057,47,False,True,False,environment_collapse,47,100.21730129123094,0.0,105.93837010270916,130.0,68.36844686719581,33.04585858122938,23.08453596854983,0.7699786201130852,56.90455019263939,0.49116033975637935,Normal,0
Vulnerable,NRMO_Original,16,120058,35,False,True,False,exposure_cascade,35,76.73006614052714,6.613028293354839,57.92855818334521,90.04054496229695,58.36957563952916,93.08626131393963,25.627071200067,0.880537855963307,93.08626131393963,0.7322020342876285,Normal,0
Vulnerable,NRMO_Original,17,120059,33,False,True,False,environment_collapse,33,44.89634581362952,1.4124151695983773,64.93469111252597,82.89610551581677,50.46950692170999,86.0638355223298,15.398870774876467,0.7213844115887393,86.0638355223298,0.4666324477235293,Normal,0
Vulnerable,NRMO_Original,18,120060,89,False,True,False,environment_collapse,89,71.86829995655036,0.0,104.84376970299327,129.61252846432288,86.4309793311045,56.507418626851305,47.01606643317893,0.8118660701418206,77.58459619479798,0.528270409361561,Normal,0
Vulnerable,NRMO_Original,19,120061,103,False,True,False,environment_collapse,103,130.0,4.824556369754394,106.09438369416036,130.0,75.9537939334837,38.731977956234815,77.35031501262173,1.0457666628929299,55.21534402642746,0.7509739321613761,Normal,0
Vulnerable,NRMO_vNext,0,130042,27,False,True,False,resource_collapse,27,1.0998494729452624,28.02540051973974,61.33268711010948,87.73698887150033,60.64867971840034,80.95215404988063,9.15083598832293,0.4836208781048601,80.95215404988063,0.33891985141936776,Normal,0
Vulnerable,NRMO_vNext,1,130043,148,False,True,False,environment_collapse,148,128.9105314284461,7.732263191972335,130.0,130.0,130.0,30.84663855609954,79.0107025757387,0.8304245552145073,38.36786218978486,0.5338560984847209,Normal,0
Vulnerable,NRMO_vNext,2,130044,39,False,True,False,environment_collapse,39,63.19378241432681,3.3918309335755126,105.38912486183793,130.0,77.13342137592252,41.1787454419281,13.551738623881711,0.45463421718253877,41.1787454419281,0.3474804775354285,Normal,0
Vulnerable,NRMO_vNext,3,130045,80,False,True,False,environment_collapse,80,71.11616100403808,7.411491111592295,81.06644419381797,130.0,94.87922420398367,39.82539888433891,29.919300267480125,0.5204194931383087,71.96277991082523,0.3739912533435016,Normal,0
Vulnerable,NRMO_vNext,4,130046,92,False,True,False,resource_collapse,92,1.7750611578522246,19.813156216204064,84.51853408183023,98.66350903635382,110.30232058843858,88.66818269420082,35.798711141000766,0.5641877795882624,88.66818269420082,0.3891164254456605,Normal,0
Vulnerable,NRMO_vNext,5,130047,200,True,False,True,knowledge_freeze,78,74.79039114702931,60.17061356433784,130.0,130.0,45.421961025173566,20.419858872666047,48.48919215658767,0.39053331655215917,70.29767427577333,0.24244596078293834,Normal,0
Vulnerable,NRMO_vNext,6,130048,200,True,False,True,knowledge_freeze,147,77.84418759096452,87.83242835537608,130.0,130.0,4.113034953169101,27.684544080464814,54.77196187518216,0.5167079572193044,56.65739089916927,0.2738598093759108,Normal,0
Vulnerable,NRMO_vNext,7,130049,148,False,True,False,environment_collapse,148,109.53659521382023,1.6078089386649417,130.0,130.0,130.0,32.404481546202355,76.12950815040212,0.6784330439017344,37.76687270245341,0.5143885685837981,Normal,0
Vulnerable,NRMO_vNext,8,130050,98,False,True,False,environment_collapse,98,65.96735485787883,2.9973901904132596,118.33522885509323,130.0,83.30419075049186,54.98578657034151,40.76978327592115,0.6180105734556828,58.74793774232258,0.41601819669307294,Normal,0
Vulnerable,NRMO_vNext,9,130051,25,False,True,False,resource_collapse,25,0.0,26.58478465846795,54.290644218449614,78.4624012092344,68.0642764907086,88.46810440902999,8.10681616000992,0.45628567137051723,88.46810440902999,0.3242726464003968,Normal,0
Vulnerable,NRMO_vNext,10,130052,14,False,True,False,resource_collapse,14,0.0,28.5171231846797,45.034164809526295,54.8966845613211,61.45447333569343,71.69166013952885,3.393751836793215,0.35480123296040894,71.69166013952885,0.24241084548522965,Normal,0
Vulnerable,NRMO_vNext,11,130053,107,False,True,False,exposure_cascade,107,13.848210598311319,6.868875688417255,90.15624321540778,111.86493552595721,79.46473683368562,102.42643854980636,40.17661165842426,0.5584092688525117,102.42643854980636,0.37548235194789026,Normal,0
Vulnerable,NRMO_vNext,12,130054,60,False,True,False,environment_collapse,60,11.60090836772454,0.0,88.06175255162707,87.99020563490537,85.90081903897777,68.30698427500336,16.960072151480134,0.3579345237228156,79.55492278639039,0.2826678691913356,Normal,0
Vulnerable,NRMO_vNext,13,130055,64,False,True,True,exposure_cascade,64,0.0,0.0,78.86567394588081,75.04016859282768,12.133328281275835,130.0,15.317592193856022,0.4202822463252855,130.0,0.23933737802900035,Normal,0
Vulnerable,NRMO_vNext,14,130056,36,False,True,False,environment_collapse,36,22.4669142412481,3.9924589719812786,73.03745505363736,88.50817118985125,40.77152950497886,62.30050222002669,7.051637643211025,0.33726126999442435,76.14798456138348,0.1958788234225285,Normal,0
Vulnerable,NRMO_vNext,15,130057,16,False,True,False,governance_collapse,16,74.374563161748,74.41666615142722,4.575132771816811,86.71186403962558,62.62072856939937,35.047591327327744,5.501680146566564,0.41157849012598297,35.047591327327744,0.34385500916041023,Normal,0
Vulnerable,NRMO_vNext,16,130058,86,False,True,False,environment_collapse,86,102.29473303324403,1.4247415583968017,130.0,130.0,104.8545545663368,33.95398613553725,39.177346814965475,0.6094678634447588,33.95398613553725,0.45555054436006365,Normal,0
Vulnerable,NRMO_vNext,17,130059,17,False,True,False,resource_collapse,17,0.0,14.299690053949348,40.97998262877058,60.21218891729963,65.02143984534074,85.90127697356561,4.192023734677154,0.34020316476144646,85.90127697356561,0.24658963145159726,Normal,0
Vulnerable,NRMO_vNext,18,130060,75,False,True,False,environment_collapse,75,56.05811171806844,0.0,114.73496478925688,130.0,104.0832872731879,44.557245189630976,27.20842197089283,0.4582851782570368,55.99652344645527,0.3627789596119044,Normal,0
Vulnerable,NRMO_vNext,19,130061,200,True,False,False,alive,-1,79.4012240199206,29.451638372298596,130.0,130.0,83.17979305781178,34.226345850342135,70.30231493321376,0.5136225654121007,71.37331916902826,0.3515115746660688,Normal,0
Vulnerable,UltraConservative,0,140042,38,False,True,False,resource_collapse,38,0.0,90.5700627207992,102.47217822904422,93.31805208109745,52.01928721655632,62.46596950952345,2.661755191098261,0.08198445568795158,62.46596950952345,0.07004618923942792,Normal,0
Vulnerable,UltraConservative,1,140043,64,False,True,True,resource_collapse,64,6.466078404057303,130.0,130.0,91.30891892241902,4.980521870813927,6.401996570246958,2.4229114018614615,0.07980109747810292,20.387791875274065,0.037857990654085336,Normal,0
Vulnerable,UltraConservative,2,140044,2,False,True,False,resource_collapse,2,0.0,31.169399821568803,34.48296807162632,34.93082679150741,52.664647079728304,73.02009920062505,0.10303122933288056,0.06616597637707074,73.02009920062505,0.05151561466644028,Normal,0
Vulnerable,UltraConservative,3,140045,27,False,True,False,resource_collapse,27,5.029526081707477,108.12615672560155,105.14501921363336,93.71187358221403,56.49506296473673,3.0164202565697504,1.8401116404752775,0.08000045862582454,14.829951259777287,0.06815228298056583,Normal,0
Vulnerable,UltraConservative,4,140046,62,False,True,False,resource_collapse,62,0.0,110.6749637696762,116.81460869808943,118.68504887538096,31.847987496882237,30.869351093360454,3.3948831593020943,0.07982124041274863,30.869351093360454,0.05475617998874346,Normal,0
Vulnerable,UltraConservative,5,140047,21,False,True,False,resource_collapse,21,0.0,81.98824810638008,83.40449935789509,74.65063769376886,55.012804854478304,28.45956323563926,1.3880697999345288,0.07988423072009854,43.162284899531265,0.06609856190164423,Normal,0
Vulnerable,UltraConservative,6,140048,42,False,True,False,resource_collapse,42,2.82454411226432,130.0,130.0,109.75050238466085,51.53457342907724,7.059854956633702,2.585848714018185,0.07580506589401478,17.258752848590174,0.061567826524242496,Normal,0
Vulnerable,UltraConservative,7,140049,16,False,True,False,resource_collapse,16,0.0,96.90045427388957,76.09100377996302,78.6359268525413,55.050365073241274,10.585055164074294,1.141672882844531,0.0799715052037747,14.793471228687228,0.07135455517778319,Normal,0
Vulnerable,UltraConservative,8,140050,105,False,True,True,exposure_cascade,105,0.0,64.50200576587382,83.81839001532929,91.90636090546451,6.322592122497972,103.39540419742312,5.244341610379434,0.08200559757568548,103.39540419742312,0.049946110575042224,Normal,0
Vulnerable,UltraConservative,9,140051,53,False,True,False,resource_collapse,53,0.0,113.13212158419213,119.77798081834642,121.91979511382861,56.24328214370804,27.73991582531561,3.383847285806738,0.07982896080562873,27.73991582531561,0.06384617520390072,Normal,0
Vulnerable,UltraConservative,10,140052,65,False,True,False,resource_collapse,65,0.0,122.01143727562715,127.80507679253594,129.51382868460618,67.35668821493151,31.188884557982803,5.038359868943536,0.08396505493504938,31.188884557982803,0.07751322875297748,Normal,0
Vulnerable,UltraConservative,11,140053,36,False,True,False,resource_collapse,36,0.0,112.13272004056887,116.11992123153405,103.91553943152991,59.2457887615555,30.523602981001787,2.7415485544764917,0.08235088486291968,30.523602981001787,0.07615412651323589,Normal,0
Vulnerable,UltraConservative,12,140054,91,False,True,False,resource_collapse,91,6.196838202473483,130.0,130.0,130.0,66.70064215063545,3.088570916498232,6.057029528836838,0.08066488626485528,14.820420770233955,0.06656076405315207,Normal,0
Vulnerable,UltraConservative,13,140055,70,False,True,False,resource_collapse,70,3.753012943501279,119.99844441681316,123.47113803355161,125.39398858863608,76.62324081912095,16.188500587391957,5.115085424838128,0.08022182042874036,16.188500587391957,0.07307264892625898,Normal,0
Vulnerable,UltraConservative,14,140056,55,False,True,False,resource_collapse,55,7.2437632448716816,130.0,130.0,112.17192028305551,55.5225291831866,2.2894425426499088,3.3175321250608487,0.07091611204190305,30.1868979596349,0.06031876591019725,Normal,0
Vulnerable,UltraConservative,15,140057,62,False,True,False,resource_collapse,62,2.664454641314922,128.15109266806493,129.87668071757034,130.0,74.75336611195708,9.496408719941039,4.234951678474607,0.08216407874782325,30.684559747332848,0.0683056722334614,Normal,0
Vulnerable,UltraConservative,16,140058,26,False,True,False,resource_collapse,26,6.918714944782918,95.59367993396518,101.02395046590995,87.78074150165806,51.495480694718836,1.9868448143957393,1.4145382110348195,0.08031882444488701,38.86941595172907,0.05440531580903152,Normal,0
Vulnerable,UltraConservative,17,140059,55,False,True,False,resource_collapse,55,3.0777067415290134,126.466679030803,103.19924795680745,113.41131301893738,29.11915774426918,6.398138203420402,3.3168401996479475,0.0824234425848545,36.51476534811987,0.0603061854481445,Normal,0
Vulnerable,UltraConservative,18,140060,59,False,True,False,resource_collapse,59,5.79200107482264,130.0,130.0,78.28864663905745,47.148717090597856,1.259995923151536,3.838783656516581,0.07927328113583845,16.96267937273328,0.06506412977146747,Normal,0
Vulnerable,UltraConservative,19,140061,66,False,True,False,resource_collapse,66,0.0,130.0,130.0,130.0,75.61282001269024,8.630007675197284,3.9212999667615467,0.08098990920020609,46.911633050227984,0.059413635860023434,Normal,0
Vulnerable,AlphaSearch,0,150042,55,False,True,False,environment_collapse,55,130.0,2.3468503280852993,92.46076405601572,128.88562488381734,63.53772912632459,55.775091015838406,41.28620466284592,0.9289810998063581,59.519090763242595,0.7506582665971985,Normal,0
Vulnerable,AlphaSearch,1,150043,62,False,True,False,environment_collapse,62,119.58974685987553,3.5520629444602285,42.96537485471726,129.17108832092362,71.61344505078704,73.65094174664966,44.6264432574468,0.9177753211711803,78.52384071840137,0.7197813428620452,Normal,0
Vulnerable,AlphaSearch,2,150044,86,False,True,False,environment_collapse,86,128.34314058310912,4.788217805499542,128.59917006261458,130.0,43.94579981676693,55.70943834734529,68.61014451373588,0.9946519025767132,56.119654552268024,0.7977923780666962,Normal,0
Vulnerable,AlphaSearch,3,150045,20,False,True,False,exposure_cascade,20,0.0,5.525180758954463,13.832305201750799,55.243305474375475,37.50086896933403,108.80793870112842,7.921820842704818,0.58449736018725,108.80793870112842,0.39609104213524093,Normal,0
Vulnerable,AlphaSearch,4,150046,45,False,True,False,exposure_cascade,45,53.140145165869654,19.10179007019702,69.04775562671442,50.90334971130409,0.752592577248431,108.9949781769806,24.32591748894976,0.6453256040097933,108.9949781769806,0.5405759441988836,Normal,0
Vulnerable,AlphaSearch,5,150047,64,False,True,False,environment_collapse,64,128.6954799262285,0.0,74.2075186369445,130.0,71.65750603722535,50.89835266973974,46.97808105419655,0.9579716995221608,63.89566204560804,0.7340325164718211,Normal,0
Vulnerable,AlphaSearch,6,150048,48,False,True,False,environment_collapse,48,83.69192058936001,5.742879147398968,72.35878378342917,76.48041626679449,75.06548218161176,79.59224889876866,32.19630663203097,0.8261058684596657,79.59224889876866,0.6707563881673119,Normal,0
Vulnerable,AlphaSearch,7,150049,172,False,True,False,environment_collapse,172,129.66570240006524,2.8754137829679483,128.97158311433017,130.0,121.04567084451487,32.24578395865349,154.28730078403908,1.197579375962165,68.82361123127576,0.8970191906048783,Normal,0
Vulnerable,AlphaSearch,8,150050,72,False,True,False,environment_collapse,72,130.0,6.255321147682236,110.10798365908086,130.0,81.95511610912395,53.514519188608446,59.73418519180088,1.017384557323795,57.95802894205738,0.8296414609972345,Normal,0
Vulnerable,AlphaSearch,9,150051,61,False,True,False,exposure_cascade,61,50.06954210720301,0.0,54.44749793301837,82.927727281158,45.3233945569219,120.77919398616297,38.273246069975954,0.756057841684694,120.77919398616297,0.6274302634422287,Normal,0
Vulnerable,AlphaSearch,10,150052,11,False,True,False,resource_collapse,11,0.0,41.22612496120353,53.67122991589444,59.41819770288668,48.12494636443446,76.82847183876157,5.522032429993724,0.5993666704716981,76.82847183876157,0.5020029481812476,Normal,0
Vulnerable,AlphaSearch,11,150053,53,False,True,False,exposure_cascade,53,96.33675188777391,29.915359267063973,19.27811244866205,114.95484336026232,69.47177981899627,97.03373917355833,40.67004300074504,0.9259686453919191,97.03373917355833,0.7673593019008498,Normal,0
Vulnerable,AlphaSearch,12,150054,1,False,True,False,resource_collapse,1,1.8582143137399072,33.183722568031854,35.720384824852076,37.318336780095535,52.49166938978665,70.32459645998793,0.2608794417769275,0.2608794417769275,70.32459645998793,0.2608794417769275,Normal,0
Vulnerable,AlphaSearch,13,150055,38,False,True,False,exposure_cascade,38,28.956621266517217,0.0,41.20203277433962,71.09351639218615,68.80966555204182,124.75287409452702,24.078110665886946,0.7939933307203805,124.75287409452702,0.6336344912075512,Normal,0
Vulnerable,AlphaSearch,14,150056,18,False,True,False,exposure_cascade,18,30.54540604688614,0.0,49.464987896271,40.35601861350922,61.53656799697606,97.94094016502396,7.72008244650724,0.6011121546946919,97.94094016502396,0.4288934692504022,Normal,0
Vulnerable,AlphaSearch,15,150057,79,False,True,False,environment_collapse,79,121.33591321424453,5.33089896323506,110.98763429582134,123.82498556328022,71.51833281672792,58.970835934583675,55.86806634190024,0.9599615687325789,59.29588749209726,0.7071907131886106,Normal,0
Vulnerable,AlphaSearch,16,150058,91,False,True,False,environment_collapse,91,128.52898665684245,0.0,112.45992040802389,130.0,62.11103188494762,60.94833458084345,69.40275261212189,0.9133472828550783,70.39336610825491,0.7626676111222186,Normal,0
Vulnerable,AlphaSearch,17,150059,36,False,True,False,environment_collapse,36,96.91029074026795,1.6153663008432204,85.0962752270159,91.03433174911446,32.530756458835526,63.76104834036558,19.786899678085533,0.6505736890673517,65.09080338242234,0.5496361021690426,Normal,0
Vulnerable,AlphaSearch,18,150060,67,False,True,False,environment_collapse,67,92.26558957761702,6.373525262848622,79.54963505041344,130.0,61.14402712244087,58.82386674417894,42.30293282594359,0.8250170655848257,70.10126654301868,0.6313870571036357,Normal,0
Vulnerable,AlphaSearch,19,150061,54,False,True,False,environment_collapse,54,101.23815297198674,4.1108391568841185,87.38829771758019,125.99335351348088,77.12339313310054,52.474833337477364,33.78280504631249,0.8994868207983433,61.507694754336626,0.6256075008576387,Normal,0
Vulnerable,NRMO_StrongEngine,0,160042,88,False,True,False,environment_collapse,88,101.38633334033666,5.304164723947405,120.53956876081403,130.0,80.3301025382618,38.72420724633911,53.1083676288204,0.9171626653503894,75.77623482350225,0.6035041776002319,Normal,0
Vulnerable,NRMO_StrongEngine,1,160043,35,False,True,False,environment_collapse,35,78.21929209164719,0.0,56.37574671044767,99.27189628879464,67.25714898497158,70.93137291636089,22.501255271043437,0.7829255898187153,70.93137291636089,0.6428930077440982,Normal,0
Vulnerable,NRMO_StrongEngine,2,160044,125,False,True,False,environment_collapse,125,130.0,0.0,130.0,130.0,112.73687901914667,29.268838849871216,93.92072672846965,1.069219439154327,56.89849209066968,0.7513658138277571,Normal,0
Vulnerable,NRMO_StrongEngine,3,160045,34,False,True,False,environment_collapse,34,52.75032029826951,0.0,52.58879830097635,90.64065746772741,66.27539362619774,77.41000575183618,15.303373852761695,0.6797733891337445,77.41000575183618,0.45009923096357923,Normal,0
Vulnerable,NRMO_StrongEngine,4,160046,115,False,True,False,environment_collapse,115,89.28374865997951,5.701718491860067,113.87380131992983,130.0,116.43305230112279,22.84478604162737,62.893775655208124,0.868974655159721,83.84852296289895,0.5469023970018098,Normal,0
Vulnerable,NRMO_StrongEngine,5,160047,38,False,True,False,environment_collapse,38,84.58310285679397,7.1336778304836095,71.52414553573686,108.59920975508166,69.557235114891,65.82377001911152,23.069033027522185,0.8157822011485847,65.82377001911152,0.6070798165137417,Normal,0
Vulnerable,NRMO_StrongEngine,6,160048,113,False,True,False,environment_collapse,113,59.466528794242464,0.0,111.84876382580843,123.31421696770201,108.68044715019637,51.75139013975242,57.484693862635844,0.8830252034267956,75.66986980939465,0.5087141049790782,Normal,0
Vulnerable,NRMO_StrongEngine,7,160049,22,False,True,False,environment_collapse,22,73.44091641198989,0.0,70.62215959768578,89.65988530925085,52.317596064203066,73.68896997910707,12.747547650996966,0.635093466357906,73.68896997910707,0.5794339841362257,Normal,0
Vulnerable,NRMO_StrongEngine,8,160050,85,False,True,True,environment_collapse,85,105.87883655099601,0.0,115.18328566554032,86.5067330680678,14.097489816385327,48.49803676399425,36.6247736322256,0.6122713629690785,70.77873025429876,0.43087968979088936,Normal,0
Vulnerable,NRMO_StrongEngine,9,160051,32,False,True,False,environment_collapse,32,74.10592517100874,3.2529554054506544,56.57356556077995,90.51315246832243,48.77249094846382,59.172590795683305,15.249341264734563,0.6430517011046,64.52463643916411,0.4765419145229551,Normal,0
Vulnerable,NRMO_StrongEngine,10,160052,6,False,True,False,resource_collapse,6,0.0,29.109555455440685,37.55149317619438,40.869214732359524,54.816697903953,73.41161319721658,1.6743507392629553,0.40085514869941963,73.41161319721658,0.2790584565438259,Normal,0
Vulnerable,NRMO_StrongEngine,11,160053,68,False,True,False,environment_collapse,68,64.5794199388999,0.0,98.36890158210528,130.0,82.38335967731066,39.302646005115164,31.018575865204483,0.8321652192595075,85.6748366861521,0.4561555274294777,Normal,0
Vulnerable,NRMO_StrongEngine,12,160054,115,False,True,False,environment_collapse,115,111.8096391781554,4.30191570660601,129.45418572486687,130.0,120.2517592524157,44.30246728589706,71.21213891525055,1.139372650370796,74.556481616748,0.6192359905673961,Normal,0
Vulnerable,NRMO_StrongEngine,13,160055,62,False,True,False,environment_collapse,62,72.51321734991801,0.0,79.77432564808409,109.73978882685734,68.764386587847,51.245083195921964,26.934034081786784,0.7204652021758814,89.17466122254197,0.4344199045449481,Normal,0
Vulnerable,NRMO_StrongEngine,14,160056,68,False,True,False,environment_collapse,68,127.21947397303953,2.350034031778355,121.28824703249556,130.0,94.34561294674987,31.592603121809688,44.42602412749348,1.0034057442633628,53.73532070781614,0.6533238842278453,Normal,0
Vulnerable,NRMO_StrongEngine,15,160057,110,False,True,True,environment_collapse,110,93.19563583278018,0.0,130.0,115.38441524240588,14.298617781407682,52.296589483885604,53.137483559116276,0.7824527011462771,66.08430651848457,0.48306803235560253,Normal,0
Vulnerable,NRMO_StrongEngine,16,160058,66,False,True,False,environment_collapse,66,79.17794935926459,7.9925466277697215,86.77817953529156,125.54433947658974,55.75437907263968,49.579342046519194,33.293226873598876,0.7359650694353351,60.39817344710155,0.5044428314181648,Normal,0
Vulnerable,NRMO_StrongEngine,17,160059,23,False,True,False,environment_collapse,23,90.32291383764502,0.3449627579768233,72.71939118372843,68.77429299013086,63.15750421093523,66.59443144651686,15.01492850059217,0.7503637716180448,66.59443144651686,0.6528229782866161,Normal,0
Vulnerable,NRMO_StrongEngine,18,160060,70,False,True,False,environment_collapse,70,72.56573667507362,0.0,76.56957044699297,122.31013101637573,66.36823073080377,74.07060601072291,37.345760504900326,0.810500252904157,74.07060601072291,0.5335108643557189,Normal,0
Vulnerable,NRMO_StrongEngine,19,160061,118,False,True,False,environment_collapse,118,118.19875797171792,0.0,125.35800159156032,130.0,121.69794942915476,45.334897271369485,64.9767247068269,1.1872579981136824,69.71815320487175,0.550650209379889,Normal,0
Vulnerable,NRMOvNext_StrongEngine,0,170042,200,True,False,False,alive,-1,90.17082709496277,32.42335419016279,130.0,130.0,98.68308910942659,37.90210056121149,77.4941256214182,0.5237690265524221,57.86818999430949,0.38747062810709104,Normal,0
Vulnerable,NRMOvNext_StrongEngine,1,170043,84,False,True,False,environment_collapse,84,49.554653021255156,4.059480607433015,112.26137972912929,129.77463625694347,112.37169511020197,61.56054331909452,30.15341907767276,0.5332283548823975,61.56054331909452,0.3589692747341995,Normal,0
Vulnerable,NRMOvNext_StrongEngine,2,170044,147,False,True,False,environment_collapse,147,69.91142568245186,2.2176689428802057,116.2233299267714,124.80531598703436,130.0,66.73852332762985,73.958820436407,0.6394539984101494,66.73852332762985,0.503121227458551,Normal,0
Vulnerable,NRMOvNext_StrongEngine,3,170045,57,False,True,True,resource_collapse,57,2.8272762422515534,47.797626265662174,79.0279204127549,83.21314289652233,5.23977806958104,67.29842666612396,8.840172613223682,0.3539880874656148,67.29842666612396,0.15509074760041547,Normal,0
Vulnerable,NRMOvNext_StrongEngine,4,170046,46,False,True,False,resource_collapse,46,0.0,58.928409922816414,91.43211357480395,123.35100960250503,61.76115668134145,44.909625559280656,8.887011712809034,0.32355323475130604,54.561219133861684,0.1931959068001964,Normal,0
Vulnerable,NRMOvNext_StrongEngine,5,170047,64,False,True,False,environment_collapse,64,30.336550509874527,7.48717898626068,95.30486837052331,112.06625729511617,63.14626691767079,81.83285308012307,22.19699610549378,0.40057679552021824,81.83285308012307,0.34682806414834033,Normal,0
Vulnerable,NRMOvNext_StrongEngine,6,170048,42,False,True,False,resource_collapse,42,2.133633399934361,73.76823753326815,90.42166399089133,130.0,81.15595184140975,34.80308667796929,10.687183324368261,0.32122935880989045,36.11740154181817,0.2544567458182919,Normal,0
Vulnerable,NRMOvNext_StrongEngine,7,170049,67,False,True,False,environment_collapse,67,47.23788902130958,1.3392241184590485,105.51923459799696,130.0,102.38362186176403,54.582784342200554,21.4681976454475,0.44679278230425473,56.43328635742631,0.32042086037981343,Normal,0
Vulnerable,NRMOvNext_StrongEngine,8,170050,200,True,False,True,knowledge_freeze,38,68.37748775831844,11.268465398081368,129.93669742560985,130.0,97.49897081656337,36.075718861797014,54.183365514240975,0.44680975291860203,65.82961907990845,0.2709168275712049,Normal,0
Vulnerable,NRMOvNext_StrongEngine,9,170051,200,True,False,True,knowledge_freeze,192,84.0169354820057,100.75548410159898,124.9952317815991,125.08668800904137,1.1049626384348925,42.30086471918468,61.28700655946429,0.4203299643353791,42.30086471918468,0.3064350327973214,Normal,0
Vulnerable,NRMOvNext_StrongEngine,10,170052,22,False,True,False,resource_collapse,22,0.0,28.049431986313934,35.37552600517424,62.03763235433186,37.124755115641996,83.34873108493281,3.757313189171222,0.3119275857175492,83.34873108493281,0.17078696314414646,Normal,0
Vulnerable,NRMOvNext_StrongEngine,11,170053,126,False,True,False,environment_collapse,126,116.07646559613454,5.640659065846706,130.0,130.0,126.70039175702648,17.642369433403882,55.30311314707158,0.6467286576704345,46.71471130640876,0.43891359640533,Normal,0
Vulnerable,NRMOvNext_StrongEngine,12,170054,32,False,True,False,resource_collapse,32,6.71243918798843,49.747814021400195,55.66332764708482,104.84613890899097,73.63949420489975,59.257320733857156,9.412427164616503,0.3716337164402858,62.04310232739611,0.2941383488942657,Normal,0
Vulnerable,NRMOvNext_StrongEngine,13,170055,200,True,False,True,knowledge_freeze,82,74.46930830044151,130.0,130.0,130.0,8.900786213350052,23.917707273973953,60.76426276546992,0.44510985936864733,37.120824291414024,0.3038213138273496,Normal,0
Vulnerable,NRMOvNext_StrongEngine,14,170056,43,False,True,False,environment_collapse,43,67.56451034143755,7.174281631420865,96.41040830011879,130.0,85.7653207406829,32.59214113182572,14.103407882114071,0.41399054392172524,33.300906809058816,0.3279862298166063,Normal,0
Vulnerable,NRMOvNext_StrongEngine,15,170057,37,False,True,False,resource_collapse,37,7.270089298173545,53.46127740644713,41.128440004838815,118.67529473930327,77.85149168702064,62.68759714955041,11.045347790094326,0.38415620960488844,68.47023047382798,0.2985229132457926,Normal,0
Vulnerable,NRMOvNext_StrongEngine,16,170058,69,False,True,False,exposure_cascade,69,0.0,20.04684614995236,57.92164134432126,109.56116793462343,62.952565628691,95.14163622085837,22.950458026005624,0.40332367499713223,95.14163622085837,0.33261533371022645,Normal,0
Vulnerable,NRMOvNext_StrongEngine,17,170059,40,False,True,False,resource_collapse,40,1.748336241892627,19.862567605733894,79.10523784366329,83.31238575438404,65.7990918760527,67.62797037510337,10.9025025265969,0.360993785257844,71.610141260246,0.2725625631649225,Normal,0
Vulnerable,NRMOvNext_StrongEngine,18,170060,200,True,False,False,alive,-1,97.93627845799747,55.5928185940585,130.0,130.0,72.91281691519524,28.481240475420226,97.93016748173807,0.6427394625345633,50.95184563563655,0.4896508374086903,Normal,0
Vulnerable,NRMOvNext_StrongEngine,19,170061,80,False,True,False,environment_collapse,80,48.034616556609926,7.43112998582788,120.90907863011637,125.82976260156117,71.8121200541908,51.64837402875278,23.26667484797102,0.3569445137476126,51.64837402875278,0.29083343559963776,Normal,0
Vulnerable,Adaptive_NRMOvNext_SE,0,180042,46,False,True,False,resource_collapse,46,0.0,47.68448983439852,83.26997561091102,109.30330601262361,59.70024791768,82.04575361527691,10.434918100892135,0.3126044491498454,82.04575361527691,0.22684604567156816,Normal,2
Vulnerable,Adaptive_NRMOvNext_SE,1,180043,134,False,True,False,environment_collapse,134,87.56023129018048,6.653888309623895,130.0,130.0,130.0,36.78460936500852,53.60313519384141,0.5852758761456051,56.005717890206014,0.40002339696896577,Race,1
Vulnerable,Adaptive_NRMOvNext_SE,2,180044,9,False,True,False,resource_collapse,9,3.243051359716077,41.30646787901268,48.977013824099025,57.77802178688931,58.91897994943337,63.68473027348381,2.5371474976908854,0.32773536713141066,63.68473027348381,0.2819052775212095,Race,1
Vulnerable,Adaptive_NRMOvNext_SE,3,180045,85,False,True,False,resource_collapse,85,7.495768830105164,79.98000654620665,130.0,130.0,78.5525537801501,16.297614250255222,14.660521110552125,0.31712079986238145,34.5031220657773,0.17247671894767205,Recovery,6
Vulnerable,Adaptive_NRMOvNext_SE,4,180046,79,False,True,False,resource_collapse,79,1.7704554986395884,20.943560707907398,106.5630682338045,125.4509676600556,124.25191197084142,69.88746385161768,25.04348482443837,0.4524991226924084,69.88746385161768,0.31700613701820723,Race,8
Vulnerable,Adaptive_NRMOvNext_SE,5,180047,56,False,True,False,environment_collapse,56,46.11209266320282,4.771788632771456,98.34977557417399,130.0,94.76913762486896,57.50280798302131,20.632757481253417,0.4688023672788439,72.42767456290727,0.3684420978795253,HighStakes,2
Vulnerable,Adaptive_NRMOvNext_SE,6,180048,60,False,True,False,environment_collapse,60,83.64176351279204,3.886302102135538,116.38815747904191,130.0,100.47292366558513,33.73412878481041,22.551651720537446,0.4777800705288868,45.69006007384867,0.37586086200895746,HighStakes,3
Vulnerable,Adaptive_NRMOvNext_SE,7,180049,67,False,True,False,environment_collapse,67,73.66200725969571,6.746887380865886,112.33799527491678,130.0,85.88620636445441,37.403700636741476,22.381175200739577,0.4307801767852054,44.74822271826136,0.3340473910558146,HighStakes,3
Vulnerable,Adaptive_NRMOvNext_SE,8,180050,14,False,True,False,resource_collapse,14,0.0,39.86805859672498,50.45862286491716,67.3781921035797,65.88864654200495,53.02321503089456,1.7655655108310726,0.20893546923625633,54.73011219702105,0.12611182220221948,Recovery,2
Vulnerable,Adaptive_NRMOvNext_SE,9,180051,48,False,True,False,resource_collapse,48,0.0,47.830643624723265,79.74065893351876,116.70076999382442,98.50227529243422,59.897046306910624,10.6384923466396,0.3959954030057209,59.897046306910624,0.22163525722165833,Normal,5
Vulnerable,Adaptive_NRMOvNext_SE,10,180052,137,False,True,False,environment_collapse,137,26.268830080767273,3.416505594996174,104.26807904245979,111.10512129412396,91.43328916040952,91.73136858858349,54.79981120783195,0.5351848566452411,91.73136858858349,0.39999862195497776,Normal,2
Vulnerable,Adaptive_NRMOvNext_SE,11,180053,96,False,True,False,environment_collapse,96,85.87957088938528,0.31026359993050256,130.0,130.0,107.95863305427346,45.25867265186545,38.0302499530122,0.5161943904830173,53.1007222709932,0.39614843701054375,HighStakes,1
Vulnerable,Adaptive_NRMOvNext_SE,12,180054,61,False,True,False,resource_collapse,61,0.0,60.441467227865374,105.55377246493259,130.0,54.94260501275094,46.34034479843543,12.259975104233327,0.34439731196949225,71.95274062181932,0.20098319843005455,Race,6
Vulnerable,Adaptive_NRMOvNext_SE,13,180055,45,False,True,False,environment_collapse,45,59.17378000375734,0.0,72.26033488777502,113.42464819858363,74.17502345184435,66.99854910099155,15.313845376392335,0.4146088467398052,66.99854910099155,0.3403076750309408,HighStakes,4
Vulnerable,Adaptive_NRMOvNext_SE,14,180056,37,False,True,False,resource_collapse,37,3.8403292743739,42.60536659862181,75.93025032430089,103.51951317891084,50.64809775753115,68.8429392203959,9.731092145007443,0.3265597571093997,68.8429392203959,0.2630024904056066,Normal,4
Vulnerable,Adaptive_NRMOvNext_SE,15,180057,200,True,False,False,alive,-1,130.0,52.19886976036611,130.0,130.0,130.0,13.933962609990282,105.43753820295025,0.7020000000000001,62.92798608682548,0.5271876910147513,Normal,2
Vulnerable,Adaptive_NRMOvNext_SE,16,180058,140,False,True,False,environment_collapse,140,110.31930524824773,2.4915215953538628,130.0,130.0,130.0,32.0754496104927,52.485429977409204,0.649771082408303,65.17276411511688,0.37489592841006575,HighStakes,9
Vulnerable,Adaptive_NRMOvNext_SE,17,180059,59,False,True,False,environment_collapse,59,14.556372121052858,6.8478739037312515,96.77103738558077,130.0,28.92983265309506,58.9124291084223,9.954501811440192,0.32772886018494324,58.9124291084223,0.16872036968542697,Recovery,7
Vulnerable,Adaptive_NRMOvNext_SE,18,180060,147,False,True,False,environment_collapse,147,127.3924087759369,7.01547536909824,114.52638655220944,130.0,130.0,25.028880848555396,72.80240010155228,0.6949595036950298,45.024801219184695,0.4952544224595393,HighStakes,3
Vulnerable,Adaptive_NRMOvNext_SE,19,180061,111,False,True,False,environment_collapse,111,95.73671895122978,0.0,130.0,130.0,92.36025951898193,29.225409197088304,39.24171586625637,0.5078618418695716,45.94935173784563,0.3535289717680754,HighStakes,3
Vulnerable,Adaptive_NRMOvNext_OmegaFull,0,190042,7,False,True,False,resource_collapse,7,1.0449600463395399,33.695350065220666,41.20826823294947,48.45567291260683,53.98522301692629,74.10072981155213,2.243063162400306,0.41341361976685503,74.10072981155213,0.32043759462861515,Race,1
Vulnerable,Adaptive_NRMOvNext_OmegaFull,1,190043,134,False,True,False,exposure_cascade,134,4.837560185124367,6.620279654570538,94.65902720983928,115.11446846348342,103.3770515053922,100.83848018131872,63.58179249340283,0.654119884635626,100.83848018131872,0.4744909887567375,HighStakes,3
Vulnerable,Adaptive_NRMOvNext_OmegaFull,2,190044,84,False,True,False,governance_collapse,84,88.46425328942287,81.81443369053432,7.582254821528281,130.0,96.28390826297053,34.26899219912875,35.3935476183663,0.5645975083215332,48.20204482929884,0.42135175736150354,Normal,4
Vulnerable,Adaptive_NRMOvNext_OmegaFull,3,190045,93,False,True,False,resource_collapse,93,5.190421192024864,21.834921352885036,89.74542438443336,113.89854019925671,109.19874049086322,86.73010313604433,31.606326459785755,0.48084571083537897,86.73010313604433,0.33985297268586834,Normal,3
Vulnerable,Adaptive_NRMOvNext_OmegaFull,4,190046,61,False,True,False,environment_collapse,61,74.3598680348195,0.0,91.9961141416562,130.0,86.84902917536135,38.24650301126434,20.49175965667428,0.44109219843197983,61.40054204740402,0.33593048617498816,Race,3
Vulnerable,Adaptive_NRMOvNext_OmegaFull,5,190047,28,False,True,False,exposure_cascade,28,0.0,0.0,10.878298132111048,13.991797093451837,32.17802688138168,130.0,7.351512416394888,0.37264058147261886,130.0,0.262554014871246,Race,1
Vulnerable,Adaptive_NRMOvNext_OmegaFull,6,190048,51,False,True,False,resource_collapse,51,0.0,48.37918727244718,91.09041179660178,89.62098604254231,51.78233963997668,59.5187778721019,14.206602786893676,0.37610709737077636,59.5187778721019,0.27856083895869954,Recovery,3
Vulnerable,Adaptive_NRMOvNext_OmegaFull,7,190049,13,False,True,False,optionality_collapse,13,26.891433019497125,51.754271109864796,56.42088763452012,4.778318277193836,36.01986062326535,66.06916282398018,2.938361162333473,0.4414077580891832,70.3143963834652,0.22602778171795945,HighStakes,4
Vulnerable,Adaptive_NRMOvNext_OmegaFull,8,190050,17,False,True,False,resource_collapse,17,0.0,44.981219141532094,57.76848801101765,69.60339110755487,63.23532314221673,57.89876240931477,3.994878237228891,0.337708096090358,57.89876240931477,0.23499283748405242,Recovery,4
Vulnerable,Adaptive_NRMOvNext_OmegaFull,9,190051,23,False,True,False,resource_collapse,23,0.0,24.06290850847611,40.923558844648056,57.51045229264986,48.46544011894854,87.86957675914667,5.301617318752457,0.3589044724444365,87.86957675914667,0.23050510081532422,Recovery,4
Vulnerable,Adaptive_NRMOvNext_OmegaFull,10,190052,88,False,True,False,resource_collapse,88,0.0,46.98485190859848,115.9775089360129,130.0,76.07511737390436,49.89988886379735,27.11953584484404,0.4427040682929671,74.3848665042155,0.30817654369140957,HighStakes,3
Vulnerable,Adaptive_NRMOvNext_OmegaFull,11,190053,53,False,True,False,resource_collapse,53,5.4455628422080835,80.2249621574634,99.880598601143,67.89657173061977,32.18715018630116,32.08392919132242,8.84267619979193,0.3521649227695869,68.55688983565618,0.16684294716588546,Recovery,5
Vulnerable,Adaptive_NRMOvNext_OmegaFull,12,190054,97,False,True,True,resource_collapse,97,7.205038532680411,62.18405646165284,91.51532949149033,92.64641697915283,7.409531116635234,64.98885546183548,18.511810062848795,0.34652404502519873,64.98885546183548,0.1908434027097814,StagnationEscape,5
Vulnerable,Adaptive_NRMOvNext_OmegaFull,13,190055,155,False,True,False,environment_collapse,155,90.50182540146919,0.3114725784599077,111.72125289638967,122.78183985457476,130.0,59.317209333587925,75.18194720515676,0.8080427172475665,59.317209333587925,0.4850448206784307,HighStakes,5
Vulnerable,Adaptive_NRMOvNext_OmegaFull,14,190056,200,True,False,False,alive,-1,93.60425685728988,105.37735740895562,130.0,130.0,94.98446601558207,25.410564243265984,55.83939615740286,0.6806707205179935,55.36229698186088,0.27919698078701427,Normal,7
Vulnerable,Adaptive_NRMOvNext_OmegaFull,15,190057,104,False,True,True,resource_collapse,104,3.5641880609592818,42.84138142321743,104.36252886325263,109.25211567126763,1.3812132323846071,89.18929755934835,15.703654436805795,0.3193942740802866,89.18929755934835,0.1509966772769788,StagnationEscape,1
Vulnerable,Adaptive_NRMOvNext_OmegaFull,16,190058,151,False,True,False,resource_collapse,151,6.527210478468255,119.01058312008077,130.0,130.0,115.28441955024617,38.317179990596074,49.23474014790422,0.6109833360167606,45.38153117840636,0.32605788177420014,Normal,7
Vulnerable,Adaptive_NRMOvNext_OmegaFull,17,190059,47,False,True,False,resource_collapse,47,7.902624335699045,48.13664710856775,84.83619459225324,116.48187110757362,69.97425268037857,40.74891886115145,10.955704146280295,0.4150976431631139,71.0026301563717,0.23310008821872968,Recovery,2
Vulnerable,Adaptive_NRMOvNext_OmegaFull,18,190060,95,False,True,True,resource_collapse,95,2.638110132439703,77.72340346194986,123.9475421483517,130.0,24.58489288769055,31.64162224593048,11.532080538915766,0.3161751572613969,55.54661520607577,0.12139032146227122,Recovery,8
Vulnerable,Adaptive_NRMOvNext_OmegaFull,19,190061,46,False,True,False,resource_collapse,46,0.0,71.71439913868828,76.96103906689027,130.0,60.53338588727368,54.61329811713415,14.704493446820686,0.45074540518151324,56.45965557958431,0.319662901017841,Recovery,3
PlanetaryStress,ExpectedValueMax,0,200042,91,False,True,False,environment_collapse,91,88.89349275926774,0.0,105.26283775844584,121.26750229604211,73.00358674092162,88.06396238170379,70.2835360180951,0.9848429465244932,88.06396238170379,0.7723465496493968,Normal,0
PlanetaryStress,ExpectedValueMax,1,200043,103,False,True,False,environment_collapse,103,125.69184358535665,4.426326678058889,130.0,130.0,74.36180754427004,55.90132600973386,83.16816803403756,1.0620450970396624,60.1668293682491,0.8074579420780346,Normal,0
PlanetaryStress,ExpectedValueMax,2,200044,115,False,True,False,environment_collapse,115,111.09680428413692,0.9840049418504222,119.79392127343718,123.06058154278745,82.83406090296829,68.95996919501904,100.29442484602508,1.1843276531270868,68.95996919501904,0.8721254334436963,Normal,0
PlanetaryStress,ExpectedValueMax,3,200045,18,False,True,False,environment_collapse,18,82.65355267355156,6.225820084528952,64.12419736909494,81.31351174850852,62.153832424627495,58.9565442522852,11.641033745296888,0.8105865510665629,58.9565442522852,0.6467240969609382,Normal,0
PlanetaryStress,ExpectedValueMax,4,200046,36,False,True,False,environment_collapse,36,60.783048164457334,1.6214009164900123,65.09748934827654,84.37159504950047,67.37323735292532,75.3311039942858,18.469318493196504,0.6992100516795956,78.04455499026615,0.513036624811014,Normal,0
PlanetaryStress,ExpectedValueMax,5,200047,48,False,True,False,environment_collapse,48,82.58338875786227,5.571490026461877,82.99000410881376,102.07724234140672,58.994666844570865,76.9710659961885,33.233136035832054,0.9166726507242775,76.9710659961885,0.6923570007465011,Normal,0
PlanetaryStress,ExpectedValueMax,6,200048,49,False,True,False,environment_collapse,49,115.62847440529606,7.495703634038058,78.70943730600271,119.7280183637146,70.7000674527522,65.88544293095619,33.11441379015157,1.0618882305100816,65.88544293095619,0.6758043630643178,Normal,0
PlanetaryStress,ExpectedValueMax,7,200049,98,False,True,False,environment_collapse,98,111.07450895904431,6.508582104586017,114.87372628743731,127.32451114096936,82.97956527681256,74.64327719978499,81.40263002247949,1.1382185116102947,77.6107527161123,0.8306390818620356,Normal,0
PlanetaryStress,ExpectedValueMax,8,200050,16,False,True,False,environment_collapse,16,31.319268113714685,4.950144269769833,46.567265171868335,60.529532468872205,60.48851962048005,90.10933132442338,10.016928983230454,0.7693596454030194,90.10933132442338,0.6260580614519033,Normal,0
PlanetaryStress,ExpectedValueMax,9,200051,126,False,True,False,environment_collapse,126,123.55421948680164,6.564761824325885,123.94581828922846,130.0,76.44311099118096,57.338830203018524,104.1402883856725,1.1049640524881046,69.30191874890488,0.8265102252831151,Normal,0
PlanetaryStress,ExpectedValueMax,10,200052,63,False,True,False,environment_collapse,63,130.0,0.0,91.83048709377636,130.0,75.5784881793064,67.27130568435183,51.044919956364446,1.1648090135764677,67.27130568435183,0.8102368247041976,Normal,0
PlanetaryStress,ExpectedValueMax,11,200053,69,False,True,False,environment_collapse,69,126.92866619523949,5.964947139837226,112.48526410642278,130.0,80.12335697659772,55.595501702908024,58.50050768546514,1.163587032914346,58.74737294226577,0.847833444716886,Normal,0
PlanetaryStress,ExpectedValueMax,12,200054,47,False,True,False,environment_collapse,47,109.36204248468381,7.858884048454891,70.76674907683216,116.00968556558693,66.10771886294802,65.66154518237671,34.20908203636202,0.9862348861291801,66.08601426413726,0.7278528092842983,Normal,0
PlanetaryStress,ExpectedValueMax,13,200055,97,False,True,False,environment_collapse,97,130.0,0.0,112.1743715943857,130.0,88.28464488533832,55.41147004080568,79.5839904542799,1.1759317355252372,70.00379100547337,0.8204535098379371,Normal,0
PlanetaryStress,ExpectedValueMax,14,200056,53,False,True,False,environment_collapse,53,114.82051706445972,7.73698656924479,87.92284213346585,97.81638816687855,74.02849892672961,65.20147623880032,37.29949816452753,0.9909804016008044,76.72073453924172,0.7037641163118401,Normal,0
PlanetaryStress,ExpectedValueMax,15,200057,6,False,True,False,resource_collapse,6,7.7513617257478415,32.926872710201025,42.034929313206675,45.65457215929577,54.56751146584585,71.31648692444192,2.582737089324646,0.6554769889452357,71.59004536248324,0.4304561815541077,Normal,0
PlanetaryStress,ExpectedValueMax,16,200058,61,False,True,False,environment_collapse,61,111.07775046171757,5.623854479392371,86.87687855351645,119.11632327209587,74.63313456745233,53.85688914424366,40.48522753556201,1.0230520780975711,79.69466153359983,0.6636922546813444,Normal,0
PlanetaryStress,ExpectedValueMax,17,200059,124,False,True,False,environment_collapse,124,122.3969446533088,7.883765953345553,101.58670250151027,128.90212904928634,99.54920161476166,57.48834366331901,106.05420066595816,1.2353277713079016,86.8445282091065,0.8552758118222432,Normal,0
PlanetaryStress,ExpectedValueMax,18,200060,35,False,True,False,environment_collapse,35,123.56204303147891,6.349702067924376,42.764009096444305,109.88622360487122,67.17708310165638,65.08493622387498,27.86205337451085,1.0456567648064412,65.08493622387498,0.7960586678431671,Normal,0
PlanetaryStress,ExpectedValueMax,19,200061,64,False,True,False,exposure_cascade,64,58.966645293753125,8.852753215913626,74.69925773750879,75.72915820004228,22.70011877434371,92.8913102157524,36.81897900837478,0.7253736077198489,92.8913102157524,0.575296547005856,Normal,0
PlanetaryStress,RiskAdjustedUtility,0,210042,200,True,False,False,alive,-1,130.0,59.577545561917674,127.94856176833679,130.0,130.0,22.803590959876715,121.3020764327193,0.8807619485805498,55.00681896631998,0.6065103821635965,Normal,0
PlanetaryStress,RiskAdjustedUtility,1,210043,78,False,True,False,environment_collapse,78,30.797041186595337,0.9690398289686897,115.31143005097593,129.1417602823966,74.10545330970338,57.53700259359413,26.530504457175418,0.40948509402571165,65.0162351913176,0.34013467252789,Normal,0
PlanetaryStress,RiskAdjustedUtility,2,210044,71,False,True,False,exposure_cascade,71,0.0,4.316108994680164,69.47219600767161,91.54256841665429,90.19968690404338,130.0,29.847117724566736,0.49505614424192196,130.0,0.4203819397826301,Normal,0
PlanetaryStress,RiskAdjustedUtility,3,210045,133,False,True,False,environment_collapse,133,77.93247941582254,3.1905094046008244,105.5737935300237,112.41930072236029,101.02261858644023,85.14797275108148,72.7517610692432,0.8011274668137663,85.14797275108148,0.5470057223251369,Normal,0
PlanetaryStress,RiskAdjustedUtility,4,210046,105,False,True,False,environment_collapse,105,101.45324258285648,2.7487609929464476,124.86190405740213,129.88469256352198,91.76994484046224,39.93841917044116,48.378412241886835,0.630148060568083,52.545793455727136,0.4607467832560651,Normal,0
PlanetaryStress,RiskAdjustedUtility,5,210047,200,True,False,False,alive,-1,96.44782779163262,79.62473796696867,125.91320299028297,129.57447852019504,130.0,30.411513736810058,115.30313168010092,0.778908620994913,33.7547558887304,0.5765156584005046,Normal,0
PlanetaryStress,RiskAdjustedUtility,6,210048,139,False,True,False,environment_collapse,139,123.14758015975507,4.872611102978251,130.0,130.0,118.34672971145848,25.111719443994545,75.12810191171518,0.8039263350036453,41.24371603054382,0.5404899418109006,Normal,0
PlanetaryStress,RiskAdjustedUtility,7,210049,139,False,True,False,environment_collapse,139,110.00632184940244,3.853380424306729,130.0,130.0,111.08195943920491,20.106368366130376,66.53492851198378,0.7406652415923791,55.66767673892499,0.4786685504459265,Normal,0
PlanetaryStress,RiskAdjustedUtility,8,210050,200,True,False,True,knowledge_freeze,76,48.524828763448916,96.61844885502363,115.32053603122587,117.14754726104329,5.646937043432322,58.92839193546973,60.6657263536841,0.4764231073870663,58.92839193546973,0.3033286317684205,Normal,0
PlanetaryStress,RiskAdjustedUtility,9,210051,200,True,False,False,alive,-1,110.82838026342145,115.42599990608024,130.0,130.0,105.07448115065003,14.370005998916143,112.07549933673408,0.7335436348903528,31.07133206723656,0.5603774966836704,Normal,0
PlanetaryStress,RiskAdjustedUtility,10,210052,176,False,True,False,environment_collapse,176,32.34289100031644,5.931067868252654,102.70133690902126,112.41950555014309,67.31487097693442,85.16566652206168,90.95729452050686,0.6910390923310108,85.16566652206168,0.5168028097756072,Normal,0
PlanetaryStress,RiskAdjustedUtility,11,210053,173,False,True,False,resource_collapse,173,0.0,46.91163163573042,114.25589172906024,119.35202099124093,105.15906830001312,77.45486764648179,69.39845362865405,0.5300124333100908,77.45486764648179,0.4011471308014685,Normal,0
PlanetaryStress,RiskAdjustedUtility,12,210054,151,False,True,True,environment_collapse,151,13.411336032946172,7.979261743672698,114.94948888391178,101.94164338623976,30.993688227312642,70.19234329574036,43.32653831269934,0.49534704053392864,76.46850546669606,0.28693071730264463,Normal,0
PlanetaryStress,RiskAdjustedUtility,13,210055,200,True,False,False,alive,-1,93.1206768330835,42.71574302389821,130.0,130.0,98.99548319266432,35.91911688245103,112.56868191331803,0.7305208268413952,64.64559089172285,0.5628434095665902,Normal,0
PlanetaryStress,RiskAdjustedUtility,14,210056,196,False,True,False,exposure_cascade,196,14.59048376180025,29.5755829209874,100.60312598761115,110.9196568076865,83.83535690091098,96.27583624400569,100.94071636301274,0.6794616576047077,96.27583624400569,0.5150036549133303,Normal,0
PlanetaryStress,RiskAdjustedUtility,15,210057,200,True,False,False,alive,-1,121.58346579326404,43.59035878762708,130.0,130.0,124.80508812991856,21.63713179853368,112.19252095113676,0.8187417698271707,44.65651325774904,0.5609626047556838,Normal,0
PlanetaryStress,RiskAdjustedUtility,16,210058,97,False,True,False,resource_collapse,97,2.8205933406778136,39.888857006560485,100.10742268261811,130.0,72.20945819508965,51.80074615444734,34.950600314316496,0.48345403513306984,80.55798467919544,0.360315467157902,Normal,0
PlanetaryStress,RiskAdjustedUtility,17,210059,103,False,True,False,environment_collapse,103,85.261364388515,0.0,114.72035747068753,119.8471124329584,103.64957164321827,58.57136370075477,47.91162308668817,0.7239403234525884,58.57136370075477,0.46516138919114725,Normal,0
PlanetaryStress,RiskAdjustedUtility,18,210060,141,False,True,False,environment_collapse,141,75.1038703188096,6.091079622196396,129.80768248140424,130.0,111.5238590325819,43.157822435708596,64.55516409664283,0.6123470780030501,58.15514214644274,0.4578380432386016,Normal,0
PlanetaryStress,RiskAdjustedUtility,19,210061,200,True,False,False,alive,-1,110.17656149208447,75.0538677610588,130.0,130.0,130.0,16.83537036078566,113.19627765963662,0.8078864229197698,56.15345905249331,0.5659813882981831,Normal,0
PlanetaryStress,NRMO_Original,0,220042,19,False,True,False,exposure_cascade,19,31.497192705907693,21.26854017317018,46.19810221467464,63.15420490186112,61.046595796897925,95.32039924542806,12.657789588664794,0.8505759826041086,95.32039924542806,0.6661994520349892,Normal,0
PlanetaryStress,NRMO_Original,1,220043,85,False,True,False,environment_collapse,85,69.64121492692767,3.4884848437404727,95.71432846717946,116.32847589204906,52.18768683111597,78.12671087371731,41.74165948164326,0.9117698457021366,78.12671087371731,0.4910783468428619,Normal,0
PlanetaryStress,NRMO_Original,2,220044,54,False,True,False,environment_collapse,54,106.66920834601306,4.545875795480846,88.43996506303722,104.49603152924871,76.15734843466342,59.74842583421402,38.15387164739253,0.9429051520492295,59.74842583421402,0.7065531786554172,Normal,0
PlanetaryStress,NRMO_Original,3,220045,81,False,True,False,environment_collapse,81,97.83720159096417,1.7993634722080376,117.19091976712764,74.85633784559832,89.98424100902187,49.412019805048516,44.532549174333816,0.8832236205512365,69.09504253196991,0.5497845577078249,Normal,0
PlanetaryStress,NRMO_Original,4,220046,122,False,True,False,environment_collapse,122,85.57519070037984,1.465530802524185,122.91464753130077,125.8173016360271,83.66615082134535,56.80766612568168,78.0329719033162,1.0313047609809214,72.68190609507226,0.6396145237976737,Normal,0
PlanetaryStress,NRMO_Original,5,220047,179,False,True,True,environment_collapse,179,79.46296765966589,0.9370030186872338,120.03606495926034,124.7350290533549,87.91638390055671,54.82563393904303,81.01943629624216,1.0731424446373152,73.66689941480378,0.4526225491410177,Normal,0
PlanetaryStress,NRMO_Original,6,220048,130,False,True,False,environment_collapse,130,54.361071149913485,0.0,107.58642123328845,113.38152337877071,82.22750864904295,78.19062074358203,62.322487058083176,0.8611816551962436,88.05476455422476,0.47940374660063984,Normal,0
PlanetaryStress,NRMO_Original,7,220049,98,False,True,False,environment_collapse,98,89.42236140734795,5.129805106620873,114.41022236160566,130.0,91.5743604679224,35.541712196647815,55.50510022684817,0.9349277185402142,75.74098392267967,0.5663785737433487,Normal,0
PlanetaryStress,NRMO_Original,8,220050,60,False,True,False,environment_collapse,60,34.35130973606508,0.0,69.54266284611688,102.55902529703744,86.38426370044263,84.32663914845574,28.738403732138913,0.7611807420790673,88.32189402322514,0.47897339553564855,Normal,0
PlanetaryStress,NRMO_Original,9,220051,144,False,True,False,environment_collapse,144,119.57853544646471,5.622559346180012,130.0,130.0,118.31900779609934,34.99699050340976,113.67980826642726,1.436970901182319,63.57753272795118,0.7894431129613004,Normal,0
PlanetaryStress,NRMO_Original,10,220052,95,False,True,False,environment_collapse,95,103.46196121768416,4.191297664327017,106.37822886882553,123.00653989279856,101.11986314905472,57.94623890915129,75.20606730109182,1.3426784248873478,57.94623890915129,0.7916428136957033,Normal,0
PlanetaryStress,NRMO_Original,11,220053,155,False,True,False,environment_collapse,155,103.7258245886714,4.015014872565615,96.80114798662414,130.0,114.67344008192688,46.20595745157242,119.1826395713822,1.2314262809569416,68.44080280221507,0.76892025529924,Normal,0
PlanetaryStress,NRMO_Original,12,220054,116,False,True,False,environment_collapse,116,95.929971899597,0.997614357001968,119.77514068163364,123.46757672423993,90.88343340298309,63.30890233739029,82.92103883283316,1.1007653473509684,77.30240760418803,0.7148365416623549,Normal,0
PlanetaryStress,NRMO_Original,13,220055,35,False,True,False,environment_collapse,35,88.89018109951505,2.904283768147856,72.0777818335878,81.46569897681472,43.772450683247726,61.99499459735212,18.049812615983516,0.6974678985714426,61.99499459735212,0.5157089318852434,Normal,0
PlanetaryStress,NRMO_Original,14,220056,96,False,True,False,environment_collapse,96,22.90603627360192,0.0,89.1522087370196,110.90077201734188,47.296576636869034,82.00097349072236,43.28578345579394,0.7726585812783557,82.00097349072236,0.4508935776645202,Normal,0
PlanetaryStress,NRMO_Original,15,220057,77,False,True,False,exposure_cascade,77,43.54254365031241,0.0,74.66461453562759,109.55161176344473,70.6153045704676,103.71372972381323,48.29289694072482,0.9204389503765888,103.71372972381323,0.6271804797496731,Normal,0
PlanetaryStress,NRMO_Original,16,220058,62,False,True,False,exposure_cascade,62,49.24361023437782,0.0,57.692953088578605,112.12537112773907,68.65392558469438,100.31237638816812,38.253509821241,0.8720498039889425,100.31237638816812,0.616992093890984,Normal,0
PlanetaryStress,NRMO_Original,17,220059,111,False,True,False,environment_collapse,111,117.78714044256824,4.828951549922426,129.82101235683595,130.0,112.95652787182877,38.39826303959076,78.62181067137924,1.1849860218835975,60.776628363913765,0.7083046006430562,Normal,0
PlanetaryStress,NRMO_Original,18,220060,37,False,True,False,exposure_cascade,37,61.93324525118933,22.306398634815665,20.98217515195715,39.266011954407986,59.79327561179832,104.15539100434333,27.433882843022925,0.9848284269383473,104.15539100434333,0.7414562930546736,Normal,0
PlanetaryStress,NRMO_Original,19,220061,42,False,True,False,environment_collapse,42,80.50841478944093,7.737518698357669,86.91648332996851,107.69553442673224,69.71338458762561,41.88787411010555,22.103017990177047,0.7264835611260742,63.89262316073908,0.5262623330994535,Normal,0
PlanetaryStress,NRMO_vNext,0,230042,200,True,False,False,alive,-1,66.91854347391711,42.8863646468077,130.0,130.0,130.0,38.24975380894821,94.15067421802746,0.7375336116811437,80.86061898127039,0.4707533710901373,Normal,0
PlanetaryStress,NRMO_vNext,1,230043,66,False,True,False,environment_collapse,66,17.37459348422238,1.708116592678472,87.50024322306902,124.78416326618843,95.45026167307014,63.26376408347029,21.01560239124252,0.41479963755908145,63.26376408347029,0.3184182180491291,Normal,0
PlanetaryStress,NRMO_vNext,2,230044,56,False,True,False,resource_collapse,56,6.817173485865677,52.399654923206604,98.00726156269596,125.19671512628236,93.7620772301826,48.80212109743484,18.30566092601353,0.44810372048867697,48.80212109743484,0.32688680225024164,Normal,0
PlanetaryStress,NRMO_vNext,3,230045,168,False,True,False,environment_collapse,168,98.24995655520796,5.910748774781164,123.48710540175425,130.0,130.0,43.869704015079805,80.2394985716156,0.7050294367566281,69.21648709770254,0.47761606292628334,Normal,0
PlanetaryStress,NRMO_vNext,4,230046,142,False,True,False,environment_collapse,142,81.57961653546147,0.0,115.0597154966221,120.86863545024325,130.0,64.16843644218916,71.27622925506208,0.8087554995437027,64.16843644218916,0.5019452764440991,Normal,0
PlanetaryStress,NRMO_vNext,5,230047,200,True,False,False,alive,-1,81.05752741645544,49.68068858209633,129.50849059108262,130.0,130.0,21.857871700176783,89.95032456094734,0.7940672738340515,70.95630986956067,0.4497516228047367,Normal,0
PlanetaryStress,NRMO_vNext,6,230048,178,False,True,False,resource_collapse,178,0.4936442684182012,55.20658247464494,127.15623384565026,130.0,130.0,59.918908619120174,83.98482966546219,0.8066957202758339,59.918908619120174,0.4718248857610235,Normal,0
PlanetaryStress,NRMO_vNext,7,230049,179,False,True,False,environment_collapse,179,99.23914668767347,7.0311985278179705,115.55871110844843,121.78748269923662,129.18135971626438,58.59848294949131,98.12589229948233,0.7831508729496774,58.59848294949131,0.5481893424552086,Normal,0
PlanetaryStress,NRMO_vNext,8,230050,136,False,True,False,environment_collapse,136,74.99147109284982,1.253171228455317,130.0,130.0,130.0,39.601322429159055,56.5573674406355,0.702909481930478,67.67343490280446,0.41586299588702574,Normal,0
PlanetaryStress,NRMO_vNext,9,230051,121,False,True,False,environment_collapse,121,76.7460236429195,0.0,130.0,130.0,130.0,45.1641597530752,58.73243389918823,0.7207747632541625,47.11482753835451,0.4853920156957705,Normal,0
PlanetaryStress,NRMO_vNext,10,230052,200,True,False,False,alive,-1,121.56659592752375,40.42782811875171,130.0,130.0,130.0,25.550157023948103,123.80959268928767,0.9744680283364459,38.41744427696635,0.6190479634464383,Normal,0
PlanetaryStress,NRMO_vNext,11,230053,200,True,False,False,alive,-1,96.5285896314139,37.54523628227121,130.0,130.0,130.0,19.241382394985223,105.25255819388721,0.8534953395530915,36.25312194457956,0.5262627909694361,Normal,0
PlanetaryStress,NRMO_vNext,12,230054,190,False,True,False,environment_collapse,190,77.01120369407357,4.466381732212163,120.24143332187326,125.8382257761986,130.0,43.39281135107085,93.92447401126189,0.696734288514879,82.84170668471043,0.4943393369013784,Normal,0
PlanetaryStress,NRMO_vNext,13,230055,71,False,True,False,resource_collapse,71,0.0,23.681328529595,24.337249457374117,113.17703505114527,66.20985734927329,90.06564203400507,21.72780943283031,0.5353296170161888,90.06564203400507,0.306025484969441,Normal,0
PlanetaryStress,NRMO_vNext,14,230056,200,True,False,False,alive,-1,106.25656330779415,62.603807272309005,130.0,130.0,130.0,18.132683379930892,88.98300361208608,0.8483563459395002,58.62361235720076,0.4449150180604304,Normal,0
PlanetaryStress,NRMO_vNext,15,230057,95,False,True,False,environment_collapse,95,43.40150867115936,0.0,102.07841531426716,120.08939733989068,119.57919721381386,70.30489790595118,43.18278139998684,0.6864416100271058,81.06952917290168,0.45455559368407195,Normal,0
PlanetaryStress,NRMO_vNext,16,230058,200,True,False,False,alive,-1,111.31664399263121,106.1706242712832,130.0,107.4584140805392,130.0,17.68227904748222,109.5515594318314,0.9310491977318912,27.338466635945522,0.547757797159157,Normal,0
PlanetaryStress,NRMO_vNext,17,230059,131,False,True,False,environment_collapse,131,77.86056881791889,3.9814464130847584,130.0,130.0,110.05828021909895,35.79902322124206,50.37534342862467,0.5086239181079821,74.56947655795827,0.3845446063253791,Normal,0
PlanetaryStress,NRMO_vNext,18,230060,200,True,False,False,alive,-1,115.03351919509413,85.09606891075259,124.15965112175317,130.0,130.0,11.614196342552482,112.05497642501072,0.9022017277449063,29.163948515765203,0.5602748821250536,Normal,0
PlanetaryStress,NRMO_vNext,19,230061,177,False,True,False,environment_collapse,177,49.80075855971314,2.755538468868062,115.07594659879223,126.02794285914484,130.0,60.589308227042416,84.02727365991664,0.6757518492970703,77.50889043620364,0.474730359660546,Normal,0
PlanetaryStress,UltraConservative,0,240042,69,False,True,False,resource_collapse,69,7.3204480999202115,122.50320780215236,125.25261062921132,126.732158145508,70.24339297324967,13.357238244323797,4.749107626114982,0.07954204185588906,14.75723197839724,0.06882764675528959,Normal,0
PlanetaryStress,UltraConservative,1,240043,85,False,True,False,resource_collapse,85,5.828800341437102,120.4321254719978,123.7526394141174,125.66006859753828,76.1497471226313,15.488981006495795,6.334565587628566,0.08133143095759342,27.42616329337016,0.0745243010309243,Normal,0
PlanetaryStress,UltraConservative,2,240044,93,False,True,False,resource_collapse,93,0.0,130.0,130.0,130.0,79.80119638346244,5.201272346053154,5.968799324602344,0.08067905530122577,38.137102902699574,0.06418063789894993,Normal,0
PlanetaryStress,UltraConservative,3,240045,200,True,False,False,alive,-1,14.385837757238761,130.0,130.0,130.0,100.02014098752872,0.0,13.274873261242869,0.08021285404248127,14.777714566737293,0.06637436630621435,Normal,0
PlanetaryStress,UltraConservative,4,240046,103,False,True,True,resource_collapse,103,5.34232036683116,116.91863965515901,121.24128748910265,122.13968171117396,3.7240095172469534,24.51674716307135,4.231200472652856,0.07973905344809679,24.51674716307135,0.04107961623934812,Normal,0
PlanetaryStress,UltraConservative,5,240047,26,False,True,False,resource_collapse,26,0.0,96.08735614629859,100.02642008609891,82.85350777653154,33.4135908407117,16.881978257240974,1.70198117719208,0.07944619298231957,20.31714127726319,0.0654608145073877,Normal,0
PlanetaryStress,UltraConservative,6,240048,7,False,True,False,resource_collapse,7,0.0,65.95551267269516,62.74643355089448,55.36588176740715,54.23855356360926,30.632685908324817,0.404215743171176,0.07983168721536194,34.22346604104909,0.05774510616731086,Normal,0
PlanetaryStress,UltraConservative,7,240049,49,False,True,False,resource_collapse,49,0.0,102.772297574452,111.72778688008927,115.82961354148026,65.55906872762046,42.79695847749362,3.3387257170154787,0.07988921567889869,42.79695847749362,0.06813725953092814,Normal,0
PlanetaryStress,UltraConservative,8,240050,57,False,True,False,resource_collapse,57,4.293039248858991,123.01676978521716,125.62248723672458,116.28014970039219,22.306474595007575,11.476059423861496,2.732090054216957,0.08074358339652601,14.819906506024465,0.04793140445994661,Normal,0
PlanetaryStress,UltraConservative,9,240051,30,False,True,False,resource_collapse,30,7.874290669654464,111.19733961748852,113.68106546667642,103.66391311984627,61.45018470168048,5.5897023758136175,1.747056656304155,0.0794980947576723,22.433435250270012,0.05823522187680517,Normal,0
PlanetaryStress,UltraConservative,10,240052,42,False,True,False,resource_collapse,42,0.0,130.0,130.0,115.07059756419444,52.872683427952055,5.161054075705664,2.6516240940406055,0.07941527731822229,14.857349164528165,0.0631339070009668,Normal,0
PlanetaryStress,UltraConservative,11,240053,31,False,True,False,resource_collapse,31,4.134551480660665,99.32421858233418,103.42973665611274,91.1126693411016,63.80223303858236,26.84048528514096,2.277365863168094,0.07957043389224291,26.84048528514096,0.07346341494090626,Normal,0
PlanetaryStress,UltraConservative,12,240054,83,False,True,False,resource_collapse,83,7.630942145240601,126.97884186681272,128.446639805543,128.90775074866144,56.16824298066203,5.236228967166882,4.8413831400135745,0.07956659480176721,14.797906628378005,0.05832991734956114,Normal,0
PlanetaryStress,UltraConservative,13,240055,20,False,True,False,resource_collapse,20,3.3096233111283127,90.30145259839882,75.96971730056035,77.63667310279182,43.28902402175186,21.406515093549316,1.2901551432213365,0.07957872528728019,21.526657272476875,0.06450775716106683,Normal,0
PlanetaryStress,UltraConservative,14,240056,20,False,True,False,resource_collapse,20,0.0,77.74720942962801,77.59350778796988,74.49870409114095,59.206383558034645,29.445852586409757,1.2905238920009237,0.07979445325670645,32.05610188840668,0.06452619460004619,Normal,0
PlanetaryStress,UltraConservative,15,240057,114,False,True,False,resource_collapse,114,0.0,130.0,130.0,130.0,89.45688023352666,8.104759735938842,9.199516817974736,0.08848730264944925,15.872353735811913,0.0806975159471468,Normal,0
PlanetaryStress,UltraConservative,16,240058,2,False,True,False,resource_collapse,2,6.695180196749547,42.379783086425746,42.521264838820784,41.406556112685095,52.67118383975538,55.584526931534214,0.11111685646016274,0.06956040163460929,55.584526931534214,0.05555842823008137,Normal,0
PlanetaryStress,UltraConservative,17,240059,5,False,True,False,resource_collapse,5,0.0,53.868500407961385,50.029591686212285,48.85245226554639,53.635671408498226,47.17264946041645,0.24684251267846652,0.06593388909275034,47.17264946041645,0.049368502535693304,Normal,0
PlanetaryStress,UltraConservative,18,240060,78,False,True,False,resource_collapse,78,1.4953345727502452,115.97364701494595,120.89468062350865,123.3834969535042,76.71082553986612,24.047022084555042,5.939727701790264,0.08363123408355719,24.047022084555042,0.07615035515115723,Normal,0
PlanetaryStress,UltraConservative,19,240061,47,False,True,False,resource_collapse,47,3.443951728045093,130.0,130.0,85.2936742075695,10.572219195271257,5.4643666837589535,2.195162793409281,0.07989503650587239,26.268719263083355,0.04670559134913364,Normal,0
PlanetaryStress,AlphaSearch,0,250042,60,False,True,False,environment_collapse,60,120.19707268509154,4.689299650507451,99.88951147090742,130.0,81.57824878722163,57.51371663778396,46.30180777249601,0.9685215430671034,57.51371663778396,0.7716967962082669,Normal,0
PlanetaryStress,AlphaSearch,1,250043,90,False,True,False,environment_collapse,90,91.00841089491696,5.343563291062992,101.50054005837234,130.0,98.32327430143862,42.147497812881944,51.82062789799032,0.9032146914283763,79.7177513824516,0.5757847544221146,Normal,0
PlanetaryStress,AlphaSearch,2,250044,115,False,True,False,environment_collapse,115,115.27226806346322,7.322805468176028,121.92480946886162,130.0,105.20467303481294,52.912516169862286,94.10028256361181,1.0582893172717256,79.36978365051674,0.8182633266401027,Normal,0
PlanetaryStress,AlphaSearch,3,250045,80,False,True,False,environment_collapse,80,77.52635574229843,7.400422164066306,93.19175081119813,130.0,76.89003685571618,58.30977169823396,50.00075055244102,0.7722665510744653,82.71777716851145,0.6250093819055127,Normal,0
PlanetaryStress,AlphaSearch,4,250046,90,False,True,False,exposure_cascade,90,57.34781624361783,0.0,80.30925019728275,116.80643343033404,64.77057662741639,99.56414806035406,61.1783412855112,0.7858242601570572,99.56414806035406,0.6797593476167911,Normal,0
PlanetaryStress,AlphaSearch,5,250047,65,False,True,False,environment_collapse,65,98.10074142783016,5.025369930048958,91.95739427716089,97.6776351219399,46.30029098944104,68.19587672075038,41.127854953431736,0.7394783267299042,81.7591527258998,0.6327362300527959,Normal,0
PlanetaryStress,AlphaSearch,6,250048,56,False,True,False,exposure_cascade,56,40.358023493027666,0.0,67.54463681848712,81.61940998592696,48.936010703020536,122.03426404851828,38.18721488390709,0.7815329433933796,122.03426404851828,0.6819145514983409,Normal,0
PlanetaryStress,AlphaSearch,7,250049,83,False,True,False,environment_collapse,83,115.49317840257733,4.301897465281407,114.74706795951724,130.0,49.36155360254772,52.983114293131976,57.37712510342438,0.8306533882499386,71.69086833386916,0.6912906638966794,Normal,0
PlanetaryStress,AlphaSearch,8,250050,75,False,True,False,environment_collapse,75,120.93400054576983,7.99443899937285,104.02681776873625,130.0,71.50512520674897,48.177924920576515,57.08363717694105,0.9237078036120903,53.88661958493845,0.7611151623592141,Normal,0
PlanetaryStress,AlphaSearch,9,250051,50,False,True,False,environment_collapse,50,93.42463406272971,0.0,90.61334310964386,127.90041718287092,75.59404017209165,66.25940448077128,32.92431115291701,0.8112896363271426,66.25940448077128,0.6584862230583401,Normal,0
PlanetaryStress,AlphaSearch,10,250052,52,False,True,False,environment_collapse,52,84.10694843436684,6.641403175651538,81.1990631561755,127.21482587906713,78.04908608872002,76.90320490450281,38.202637500282,0.9121600626825976,79.96674180799866,0.7346661057746539,Normal,0
PlanetaryStress,AlphaSearch,11,250053,35,False,True,False,environment_collapse,35,89.49209398908073,7.2114417042342245,87.76594583782692,92.59722372510343,67.87867893561717,54.47770341791815,20.625768453190034,0.7553797100385501,58.1659338144405,0.5893076700911438,Normal,0
PlanetaryStress,AlphaSearch,12,250054,42,False,True,False,environment_collapse,42,58.99634347697886,0.0,66.53610147806673,64.24609474732108,63.662743253688184,85.08701088198448,24.008634731079873,0.7094255404488327,90.0708349545283,0.5716341602638065,Normal,0
PlanetaryStress,AlphaSearch,13,250055,85,False,True,False,environment_collapse,85,82.9794107101005,7.801366345339213,91.37970259010307,123.35000947516534,87.9320747635759,78.88356790978109,63.80182572091868,0.9276257607278664,78.88356790978109,0.7506097143637491,Normal,0
PlanetaryStress,AlphaSearch,14,250056,73,False,True,False,environment_collapse,73,128.16036693990375,1.4498619910755774,103.68829577153355,130.0,74.25504897244468,48.333712694934746,55.418231269201556,0.9715939963792726,60.3435517513549,0.7591538530027611,Normal,0
PlanetaryStress,AlphaSearch,15,250057,84,False,True,False,environment_collapse,84,75.42173820210652,0.0,74.08744802994055,122.45486491533218,85.06920795830993,77.76386086724807,59.516031465350956,0.9198895899587985,79.50292915610768,0.7085241841113209,Normal,0
PlanetaryStress,AlphaSearch,16,250058,42,False,True,False,exposure_cascade,42,54.792984563734095,5.60478257939689,50.36084010896096,88.00253616078709,58.71997211539848,95.97569611765901,27.532446554572566,0.7744538478488403,95.97569611765901,0.6555344417755373,Normal,0
PlanetaryStress,AlphaSearch,17,250059,56,False,True,True,environment_collapse,56,71.87342033313129,7.421214280985655,91.85887899368086,32.00700855417701,12.359742168350788,79.58406783125517,22.946476258711733,0.602469248024228,82.43896106373697,0.40975850461985236,Normal,0
PlanetaryStress,AlphaSearch,18,250060,74,False,True,False,exposure_cascade,74,75.65304035230213,0.0,94.0240221518195,112.5084947378952,80.24941888467215,94.50708522071167,58.46122222426277,0.9657905808253522,94.50708522071167,0.7900165165440914,Normal,0
PlanetaryStress,AlphaSearch,19,250061,42,False,True,False,environment_collapse,42,84.13986798004298,7.06347004488193,57.70312348484728,96.19285246909027,53.67736394608864,65.42912754114705,23.933477626658867,0.6586747248120027,71.5743337072166,0.5698447053966397,Normal,0
PlanetaryStress,NRMO_StrongEngine,0,260042,74,False,True,False,environment_collapse,74,106.61551881200086,2.130383459416791,99.55337435299136,130.0,89.68794860871472,54.47170722244963,55.19669400238634,1.0074161049197685,54.47170722244963,0.7459012703025181,Normal,0
PlanetaryStress,NRMO_StrongEngine,1,260043,91,False,True,False,environment_collapse,91,127.45254850787953,2.829133401737396,115.87469944140354,130.0,78.82739544119013,50.27862178007064,74.54518334039057,0.9947426879731579,51.53648075184368,0.8191778389053909,Normal,0
PlanetaryStress,NRMO_StrongEngine,2,260044,124,False,True,False,environment_collapse,124,130.0,7.578531924997812,130.0,130.0,103.83909319670457,43.87622273161489,90.67719177057883,1.1085286007716428,56.219304267712396,0.7312676755691842,Normal,0
PlanetaryStress,NRMO_StrongEngine,3,260045,48,False,True,False,environment_collapse,48,98.5507158848485,0.0,89.54368719867058,116.56414367560667,47.41195014294636,59.26332275174684,27.404684180732037,0.7495218648479706,59.26332275174684,0.5709309204319174,Normal,0
PlanetaryStress,NRMO_StrongEngine,4,260046,134,False,True,False,environment_collapse,134,61.52939528894126,0.0,108.22695626779267,118.82515945681705,118.66820575187984,67.09400902880625,75.41908936485851,1.039648206430316,78.24824122325789,0.5628290251108844,Normal,0
PlanetaryStress,NRMO_StrongEngine,5,260047,1,False,True,False,resource_collapse,1,6.321145515531427,36.27436898022155,37.75341571542201,38.87490239589367,52.49928385706667,65.1121683758875,0.25880988923943166,0.25880988923943166,65.1121683758875,0.25880988923943166,Normal,0
PlanetaryStress,NRMO_StrongEngine,6,260048,90,False,True,False,environment_collapse,90,71.96596692903101,7.195552810431337,105.49418836529455,130.0,92.76910406836977,47.830421500972385,40.84889461905283,0.8429561277603074,68.72488183848293,0.45387660687836473,Normal,0
PlanetaryStress,NRMO_StrongEngine,7,260049,39,False,True,False,exposure_cascade,39,35.58369714016872,0.0,55.77607851994904,100.03188621147844,70.32378780068007,105.90700988676028,24.95127268628651,0.7455479396717182,105.90700988676028,0.6397762227252952,Normal,0
PlanetaryStress,NRMO_StrongEngine,8,260050,122,False,True,False,environment_collapse,122,59.48667204374325,4.989429189514787,110.66204364730986,130.0,77.41657476319662,33.49919320656869,54.06429485712796,0.6975313266536953,85.54641227281435,0.44314995784531114,Normal,0
PlanetaryStress,NRMO_StrongEngine,9,260051,57,False,True,False,environment_collapse,57,91.18916235617236,3.9568540641050305,85.7653720451854,124.43743953142538,83.78149220584572,51.401089697288505,37.93169870281289,0.8879686344172539,69.138881905395,0.665468398294963,Normal,0
PlanetaryStress,NRMO_StrongEngine,10,260052,62,False,True,False,environment_collapse,62,46.560705598062306,7.124485158447374,75.165748893374,116.32131504701564,62.69109302680979,65.58316719284177,24.520276960640896,0.6681136220038759,77.36814648053925,0.3954883380748532,Normal,0
PlanetaryStress,NRMO_StrongEngine,11,260053,55,False,True,False,environment_collapse,55,123.00086010837698,5.004402741260844,104.33863405902588,130.0,80.43730680392035,43.72097584232672,41.0011274249995,0.9765032011790272,43.72097584232672,0.7454750440909,Normal,0
PlanetaryStress,NRMO_StrongEngine,12,260054,63,False,True,False,environment_collapse,63,107.85329666060757,1.6625185882407827,98.71904626257219,130.0,72.17680609607967,57.58207846299946,44.53555426398877,0.9077052168219938,58.128339654492414,0.7069135597458536,Normal,0
PlanetaryStress,NRMO_StrongEngine,13,260055,19,False,True,False,resource_collapse,19,2.16160430399216,36.46448218454771,55.91497359064445,69.14883004523988,63.916640144421386,62.245218668073086,6.093065772348665,0.5168139775535072,70.23163816632169,0.3206876722288771,Normal,0
PlanetaryStress,NRMO_StrongEngine,14,260056,92,False,True,False,environment_collapse,92,97.35185815322984,5.541597140800686,113.83500409999303,129.1819674848592,82.63199862379747,48.604936176214856,63.10039762872344,0.9422923552101962,66.14714330090308,0.6858738872687331,Normal,0
PlanetaryStress,NRMO_StrongEngine,15,260057,111,False,True,False,environment_collapse,111,125.27887743967842,2.663450457067139,130.0,130.0,64.75552685756455,48.37794756154611,84.52877793077057,0.9806326345222364,56.100763174816976,0.761520521898834,Normal,0
PlanetaryStress,NRMO_StrongEngine,16,260058,80,False,True,False,environment_collapse,80,93.74668237535576,4.833615023469903,88.81861985459733,117.5029199249704,55.45237396129562,83.98774187806595,52.3334348907604,0.8769343615100057,83.98774187806595,0.654167936134505,Normal,0
PlanetaryStress,NRMO_StrongEngine,17,260059,200,True,False,False,alive,-1,109.59795987763617,23.586047451466197,130.0,130.0,130.0,17.40350172957686,133.41396457286737,1.182204341366197,70.93981801764374,0.6670698228643368,Normal,0
PlanetaryStress,NRMO_StrongEngine,18,260060,61,False,True,False,environment_collapse,61,70.62113160521241,6.207410750314597,70.69614489780369,118.27800761338833,59.27174422973511,81.39333104674492,37.820852574476355,0.792332258215412,81.39333104674492,0.62001397663076,Normal,0
PlanetaryStress,NRMO_StrongEngine,19,260061,87,False,True,False,environment_collapse,87,84.3414274242002,7.931674122603058,114.35050062674253,130.0,97.32676173214757,44.027950463857145,58.16285427021647,0.8961886524723016,72.45151246767956,0.6685385548300744,Normal,0
PlanetaryStress,NRMOvNext_StrongEngine,0,270042,140,False,True,False,exposure_cascade,140,2.5390328709272154,35.24391588687546,97.07593833827111,110.72205044876131,130.0,98.4924014621942,54.83118372048161,0.5163976210512788,98.4924014621942,0.39165131228915434,Normal,0
PlanetaryStress,NRMOvNext_StrongEngine,1,270043,200,True,False,False,alive,-1,74.24795159869889,22.63470690902537,123.99065930774917,130.0,130.0,36.48743503092308,87.45104347503381,0.5965164365404815,72.03905218501775,0.4372552173751691,Normal,0
PlanetaryStress,NRMOvNext_StrongEngine,2,270044,200,True,False,False,alive,-1,28.796875942429303,67.8396736511754,130.0,130.0,126.53644819738484,27.603110113608622,88.22500946350716,0.5634078182376604,35.72849070813528,0.4411250473175358,Normal,0
PlanetaryStress,NRMOvNext_StrongEngine,3,270045,111,False,True,False,environment_collapse,111,84.17005799347443,7.955910672749381,130.0,130.0,121.9320016760413,26.91950245228855,41.226042538023385,0.5564755611076925,50.2590970641872,0.37140578863084134,Normal,0
PlanetaryStress,NRMOvNext_StrongEngine,4,270046,200,True,False,False,alive,-1,108.1403399973205,60.04429036219376,130.0,130.0,130.0,15.35060622055648,101.54189847677115,0.6429789179927654,48.725874680214815,0.5077094923838558,Normal,0
PlanetaryStress,NRMOvNext_StrongEngine,5,270047,200,True,False,False,alive,-1,109.80835153325371,56.25166513065412,130.0,130.0,126.6505217085103,32.00266475336759,99.5492945548815,0.6983190292133936,72.88265616398499,0.4977464727744075,Normal,0
PlanetaryStress,NRMOvNext_StrongEngine,6,270048,74,False,True,False,environment_collapse,74,45.5097969641464,6.552117262833399,99.6372638763723,126.75132084090227,89.98715463396704,52.44782284547084,22.874923471202813,0.4065401268743418,81.92635734964975,0.30912058744868665,Normal,0
PlanetaryStress,NRMOvNext_StrongEngine,7,270049,89,False,True,False,resource_collapse,89,7.046208680178172,52.520457063506655,90.6148898863306,127.89313574156883,106.66337775124464,52.877704795590695,27.117543189881378,0.4349883045495599,64.14500953114056,0.3046914965155211,Normal,0
PlanetaryStress,NRMOvNext_StrongEngine,8,270050,181,False,True,False,environment_collapse,181,117.8698542006784,0.0,130.0,130.0,130.0,31.738658607967427,84.66485411243853,0.6955749594678935,63.95674116281968,0.46776162493059964,Normal,0
PlanetaryStress,NRMOvNext_StrongEngine,9,270051,200,True,False,False,alive,-1,110.42029397391188,65.72772983398406,128.8724944434691,130.0,130.0,26.31834502399927,99.01199118098211,0.6676773663635632,55.67677658719427,0.49505995590491053,Normal,0
PlanetaryStress,NRMOvNext_StrongEngine,10,270052,200,True,False,False,alive,-1,113.99794093004954,116.69503881699416,117.39689342913967,130.0,130.0,18.209999903881254,108.56404238598459,0.6639274395267835,25.537058129251903,0.5428202119299229,Normal,0
PlanetaryStress,NRMOvNext_StrongEngine,11,270053,200,True,False,False,alive,-1,103.60324081042684,126.9148186457872,130.0,130.0,130.0,2.077523650063448,100.56046470365108,0.6307287501881524,34.52451154261968,0.5028023235182554,Normal,0
PlanetaryStress,NRMOvNext_StrongEngine,12,270054,20,False,True,False,resource_collapse,20,0.023677629120065546,33.57792779704802,52.35817131995588,69.59348154544416,61.293511144997126,63.15217229678427,4.848204616175533,0.3213386953821621,63.15217229678427,0.24241023080877663,Normal,0
PlanetaryStress,NRMOvNext_StrongEngine,13,270055,200,True,False,False,alive,-1,123.73681899132727,54.49301631326273,128.99717163348097,130.0,130.0,15.94313257333102,88.42540122798034,0.6850894112765836,62.239912049102664,0.44212700613990175,Normal,0
PlanetaryStress,NRMOvNext_StrongEngine,14,270056,179,False,True,False,environment_collapse,179,88.63024972988146,0.015252137107932384,118.36261229087177,123.58976529581881,130.0,50.52838986202336,80.9483482278561,0.6494330315124668,56.71340801440121,0.45222540909416814,Normal,0
PlanetaryStress,NRMOvNext_StrongEngine,15,270057,200,True,False,False,alive,-1,108.57778076787508,93.80700600394442,130.0,130.0,130.0,0.2986034663486271,96.90221810968741,0.6441600080732627,67.18485446018212,0.48451109054843705,Normal,0
PlanetaryStress,NRMOvNext_StrongEngine,16,270058,171,False,True,False,exposure_cascade,171,1.6026383963851742,0.0,103.0507589363894,110.80648929225431,124.31878959766584,109.28773394707119,68.87096867937709,0.5421471777283018,109.28773394707119,0.40275420280337476,Normal,0
PlanetaryStress,NRMOvNext_StrongEngine,17,270059,192,False,True,False,environment_collapse,192,98.38072265411513,0.0,130.0,130.0,130.0,38.028387210425656,97.39495740812133,0.6721249991933747,44.88639170438232,0.5072654031672986,Normal,0
PlanetaryStress,NRMOvNext_StrongEngine,18,270060,108,False,True,False,environment_collapse,108,74.87291411869761,5.97738967383663,130.0,130.0,103.74118502626841,26.858478019877012,35.42727660856233,0.47770518482666796,52.64797784404979,0.32803033896816974,Normal,0
PlanetaryStress,NRMOvNext_StrongEngine,19,270061,58,False,True,False,exposure_cascade,58,0.0,28.324534809389533,78.26115774188034,107.4420584790172,85.78854903027279,104.8959326416591,20.635094761765743,0.39900913274025784,104.8959326416591,0.3557774958925128,Normal,0
PlanetaryStress,Adaptive_NRMOvNext_SE,0,280042,37,False,True,False,resource_collapse,37,0.0,29.85177548097737,64.08470146109794,102.42282279799245,86.24493441479228,76.70858077204687,7.632259592773223,0.3110309464267177,76.70858077204687,0.20627728629116818,Recovery,3
PlanetaryStress,Adaptive_NRMOvNext_SE,1,280043,26,False,True,False,resource_collapse,26,3.6252169726372614,34.76306147290936,66.94789463769737,96.09138712631363,63.84781958640307,62.86257028540851,5.515634476133534,0.2956806490156611,62.86257028540851,0.21213978754359747,Normal,2
PlanetaryStress,Adaptive_NRMOvNext_SE,2,280044,169,False,True,False,environment_collapse,169,72.99775451508185,7.0134091914403625,130.0,130.0,130.0,34.97636876269249,62.77019936933563,0.57040842490841,42.20218258229478,0.37142129804340607,HighStakes,3
PlanetaryStress,Adaptive_NRMOvNext_SE,3,280045,54,False,True,False,resource_collapse,54,0.0,41.780431837414845,90.89302402364956,112.07980834542154,77.73602067954035,80.98029336029921,18.652062202160007,0.41968410404024964,80.98029336029921,0.3454085592992594,Normal,2
PlanetaryStress,Adaptive_NRMOvNext_SE,4,280046,200,True,False,False,alive,-1,80.14045585821864,93.50322184564916,130.0,130.0,130.0,13.350188078125097,89.50084228100356,0.5796781537246972,36.62306135587444,0.4475042114050178,Normal,0
PlanetaryStress,Adaptive_NRMOvNext_SE,5,280047,5,False,True,False,resource_collapse,5,6.426562414075363,45.7426950036684,49.735934093480815,52.29235363205849,55.41245074325384,55.71314568415121,1.1953833563802567,0.26430658330184065,55.71314568415121,0.23907667127605134,Normal,0
PlanetaryStress,Adaptive_NRMOvNext_SE,6,280048,200,True,False,False,alive,-1,116.84201072424652,25.134080689814375,130.0,130.0,130.0,27.396324979227497,101.02632307052558,0.6682841258988182,39.23435742380968,0.5051316153526278,HighStakes,1
PlanetaryStress,Adaptive_NRMOvNext_SE,7,280049,200,True,False,False,alive,-1,91.70496077447827,13.483741191528086,130.0,130.0,130.0,11.756209454680903,93.70839162695962,0.6091582560669925,48.241668189892394,0.4685419581347981,HighStakes,5
PlanetaryStress,Adaptive_NRMOvNext_SE,8,280050,20,False,True,False,resource_collapse,20,1.2541037495422174,35.114031450668875,51.92420850715199,78.43499914607636,66.25470894866717,66.51258441380361,5.905890244118883,0.33810959381973194,66.51258441380361,0.29529451220594416,Normal,2
PlanetaryStress,Adaptive_NRMOvNext_SE,9,280051,51,False,True,False,resource_collapse,51,0.0,71.56958425946827,104.10869360053579,130.0,56.67136774324176,42.846004545583966,13.499133699330667,0.34546897715488584,48.451938793587175,0.2646888960653072,Recovery,1
PlanetaryStress,Adaptive_NRMOvNext_SE,10,280052,200,True,False,False,alive,-1,85.60087154416011,40.63681296255354,130.0,130.0,130.0,20.8351220570684,93.54155305582249,0.5871950973397334,74.82078239177244,0.46770776527911245,Normal,6
PlanetaryStress,Adaptive_NRMOvNext_SE,11,280053,200,True,False,False,alive,-1,105.42254913835728,71.34595867192051,130.0,130.0,130.0,11.680435120316364,98.45337933830021,0.6356408826735647,42.463099531712786,0.49226689669150103,Normal,0
PlanetaryStress,Adaptive_NRMOvNext_SE,12,280054,63,False,True,False,resource_collapse,63,6.5650583796987085,48.54238782284153,92.04249752513665,126.88092879608647,111.72357947323134,54.863351650595845,18.573863770809734,0.38606886698277265,61.798327327917576,0.29482323445729736,Recovery,2
PlanetaryStress,Adaptive_NRMOvNext_SE,13,280055,200,True,False,False,alive,-1,75.1352873647119,92.54222207290931,130.0,130.0,126.19067290195282,18.77398085746128,89.79690940477545,0.558916755348351,41.43376539501651,0.44898454702387725,Normal,2
PlanetaryStress,Adaptive_NRMOvNext_SE,14,280056,127,False,True,False,resource_collapse,127,0.0,95.52763680761261,69.02493386293872,130.0,124.4468863420084,62.25726532622622,47.66327082833418,0.5677343906218293,62.25726532622622,0.3753013451049935,Recovery,3
PlanetaryStress,Adaptive_NRMOvNext_SE,15,280057,200,True,False,False,alive,-1,90.15677378682452,41.171134057501334,130.0,130.0,130.0,30.85004313444454,92.56522926460546,0.6023423259624948,45.334313138995036,0.4628261463230273,Normal,2
PlanetaryStress,Adaptive_NRMOvNext_SE,16,280058,36,False,True,False,resource_collapse,36,1.2295122997917218,42.846726395024845,63.55406986107312,93.3453568619014,75.62103970573246,80.50286525966897,12.189065257731233,0.3818937877340902,80.50286525966897,0.3385851460480898,Normal,0
PlanetaryStress,Adaptive_NRMOvNext_SE,17,280059,147,False,True,False,environment_collapse,147,101.72061532333821,0.0,130.0,130.0,130.0,37.869185919523375,60.74401387184201,0.6356789071451137,65.59250333229933,0.41322458416219054,HighStakes,5
PlanetaryStress,Adaptive_NRMOvNext_SE,18,280060,200,True,False,False,alive,-1,67.47526996245443,67.13880546647282,130.0,130.0,130.0,29.274609427038545,88.7150805325267,0.5771246588754755,42.602232077192724,0.4435754026626335,Normal,2
PlanetaryStress,Adaptive_NRMOvNext_SE,19,280061,200,True,False,False,alive,-1,109.35006795611875,61.027763677341795,130.0,130.0,130.0,22.362107625947814,96.25450046743114,0.6462451834815207,45.266997014586735,0.48127250233715574,Normal,0
PlanetaryStress,Adaptive_NRMOvNext_OmegaFull,0,290042,200,True,False,False,alive,-1,88.22863242585399,97.24869445293587,130.0,124.3609908748337,100.16441820866324,14.75212527058752,70.8088948735993,0.666219338131233,53.90817906274111,0.3540444743679965,Normal,6
PlanetaryStress,Adaptive_NRMOvNext_OmegaFull,1,290043,41,False,True,False,resource_collapse,41,3.69110923560884,60.49434989307282,80.17326937027285,111.53101549894235,69.74696064101276,31.90323200412274,12.148916659780689,0.4474876510642893,51.7314464668233,0.2963150404824558,Recovery,1
PlanetaryStress,Adaptive_NRMOvNext_OmegaFull,2,290044,58,False,True,False,resource_collapse,58,1.2413448202856525,73.75950512844447,91.4710320754936,130.0,50.90986933541485,31.58625689286098,11.595581897318374,0.3785675819963102,52.587579032980685,0.19992382581583404,Recovery,5
PlanetaryStress,Adaptive_NRMOvNext_OmegaFull,3,290045,200,True,False,False,alive,-1,130.0,54.60931289106599,122.4298852638025,130.0,130.0,18.185110328685735,108.44415383780533,0.895310459212947,54.55097896403813,0.5422207691890266,Normal,6
PlanetaryStress,Adaptive_NRMOvNext_OmegaFull,4,290046,200,True,False,False,alive,-1,113.39559945031843,78.29145620072514,130.0,130.0,126.2686172349103,19.97506997518403,97.21825896957415,0.8646098771020667,44.343284227780565,0.4860912948478708,Normal,2
PlanetaryStress,Adaptive_NRMOvNext_OmegaFull,5,290047,200,True,False,False,alive,-1,73.73568526799548,118.44250940980095,130.0,130.0,113.3756192438964,21.99212631782801,107.2645757793158,0.8044544313079347,32.74733777807983,0.536322878896579,Normal,0
PlanetaryStress,Adaptive_NRMOvNext_OmegaFull,6,290048,200,True,False,False,alive,-1,110.90223102116275,25.119873343588356,130.0,130.0,127.13886119597922,22.288795809568597,108.16961628167046,0.7816550213036579,50.89721686502034,0.5408480814083523,HighStakes,1
PlanetaryStress,Adaptive_NRMOvNext_OmegaFull,7,290049,146,False,True,False,resource_collapse,146,0.0,67.51147086526586,98.72720128500828,107.07394453840068,60.74173395568787,82.18428682972853,44.514863579956796,0.5134196743047371,82.18428682972853,0.30489632589011506,Normal,3
PlanetaryStress,Adaptive_NRMOvNext_OmegaFull,8,290050,200,True,False,False,alive,-1,125.72391470010695,78.02263341712504,130.0,130.0,27.997110768342885,18.920852804743127,102.41186162111835,0.7107604524309065,40.467906090896214,0.5120593081055917,Normal,0
PlanetaryStress,Adaptive_NRMOvNext_OmegaFull,9,290051,85,False,True,False,resource_collapse,85,0.20251741178847738,2.1559638460522663,86.01863237169621,115.99770800666423,88.1063163447998,86.57066510035963,31.36692088817765,0.5358372933609047,86.57066510035963,0.3690225986844429,HighStakes,1
PlanetaryStress,Adaptive_NRMOvNext_OmegaFull,10,290052,200,True,False,False,alive,-1,120.2906968870573,97.61835195395435,126.55437661272367,130.0,121.86560341439638,21.299133740226218,122.31894587962009,0.9422514871651396,46.3672576989911,0.6115947293981004,Normal,2
PlanetaryStress,Adaptive_NRMOvNext_OmegaFull,11,290053,138,False,True,False,exposure_cascade,138,0.0,38.533281435236425,54.09237941208962,112.46545324833953,104.74071737091849,101.31767852798494,53.1840250330803,0.5560929195147017,101.31767852798494,0.3853914857469587,Normal,3
PlanetaryStress,Adaptive_NRMOvNext_OmegaFull,12,290054,134,False,True,False,environment_collapse,134,114.11475585370587,0.0,127.8880748531997,130.0,127.74465447549593,39.504457579619675,71.56287307750085,0.7818706631676112,39.504457579619675,0.5340512916231407,HighStakes,1
PlanetaryStress,Adaptive_NRMOvNext_OmegaFull,13,290055,200,True,False,False,alive,-1,127.39732149602672,117.93147743851608,130.0,127.36314105048001,98.2674714543471,15.199413282089992,105.87686639693402,0.8025377753473387,44.21039824965185,0.52938433198467,Normal,2
PlanetaryStress,Adaptive_NRMOvNext_OmegaFull,14,290056,179,False,True,False,environment_collapse,179,126.39053224755409,5.605744771216027,130.0,130.0,129.66653155890384,29.397057711958773,114.32544182789943,0.9513905390105777,29.397057711958773,0.6386896191502761,Normal,0
PlanetaryStress,Adaptive_NRMOvNext_OmegaFull,15,290057,200,True,False,False,alive,-1,72.91742332917472,61.41672415243727,124.4700014353994,130.0,91.06768129496369,45.65647945319439,101.97252073352625,0.6854188591922369,52.11623885512165,0.5098626036676313,Normal,0
PlanetaryStress,Adaptive_NRMOvNext_OmegaFull,16,290058,200,True,False,False,alive,-1,89.91740034990735,62.86555750864409,130.0,130.0,130.0,27.1063601333503,100.66832117963394,0.772539821150184,55.81598862082752,0.5033416058981697,Normal,0
PlanetaryStress,Adaptive_NRMOvNext_OmegaFull,17,290059,200,True,False,False,alive,-1,79.37585718254526,42.20671128134972,130.0,130.0,106.938748160193,32.9507302784148,98.55689476107666,0.7126576237708758,65.58069043796682,0.4927844738053833,Normal,2
PlanetaryStress,Adaptive_NRMOvNext_OmegaFull,18,290060,200,True,False,False,alive,-1,130.0,52.14195087559617,130.0,130.0,126.69758651497527,10.670346730017146,114.58193041608429,0.8938723973684003,80.32084299920561,0.5729096520804214,Normal,4
PlanetaryStress,Adaptive_NRMOvNext_OmegaFull,19,290061,200,True,False,False,alive,-1,103.92353896814328,105.21055012853687,130.0,130.0,130.0,16.119829279504753,110.01083146547104,0.836038127626754,36.15145725368949,0.5500541573273552,Normal,0
LateStagnation,ExpectedValueMax,0,300042,174,False,True,False,environment_collapse,174,130.0,2.358649423290819,129.94793105937632,130.0,130.0,42.625521061856496,182.32045685964803,1.4942909416204129,49.15313344593916,1.047818717584184,Normal,0
LateStagnation,ExpectedValueMax,1,300043,200,True,False,False,alive,-1,130.0,23.802998471773417,130.0,130.0,122.62035003017502,39.076953823137636,215.2234229553169,1.4266149479865302,50.37132021632975,1.0761171147765844,Normal,0
LateStagnation,ExpectedValueMax,2,300044,200,True,False,False,alive,-1,130.0,22.628723111814423,130.0,130.0,119.0612988108449,33.63238566437146,210.48195648597132,1.3908692592065288,48.840834005778035,1.0524097824298566,Normal,0
LateStagnation,ExpectedValueMax,3,300045,200,True,False,False,alive,-1,130.0,10.743355274680473,130.0,130.0,130.0,42.58568187116603,225.0341214894535,1.4811415886319816,52.14717856519229,1.1251706074472674,Normal,0
LateStagnation,ExpectedValueMax,4,300046,66,False,True,False,environment_collapse,66,130.0,7.652782219249362,94.80428517496016,119.94737636649059,68.97923202732868,57.80467271453929,57.29859544500027,1.116436934797536,71.15196623725251,0.8681605370454586,Normal,0
LateStagnation,ExpectedValueMax,5,300047,118,False,True,False,environment_collapse,118,130.0,7.91306418083435,130.0,130.0,102.53158248064052,45.16028494310923,113.41480752196716,1.3109659444072046,46.54838430851935,0.9611424366268404,Normal,0
LateStagnation,ExpectedValueMax,6,300048,119,False,True,False,environment_collapse,119,130.0,1.2436951733178514,130.0,130.0,83.67885253977725,48.24708087851168,106.27918986290808,1.2175350890480754,49.58222245928083,0.8931024358227571,Normal,0
LateStagnation,ExpectedValueMax,7,300049,73,False,True,False,environment_collapse,73,127.17378437131222,7.907882676536269,98.49904405717724,125.03223989208429,65.97881414600164,65.94569150784321,64.17179556802817,1.126946897163639,72.0052815378767,0.8790656927127147,Normal,0
LateStagnation,ExpectedValueMax,8,300050,155,False,True,False,environment_collapse,155,113.53706097932844,0.0,120.7575187387631,123.58900424508977,110.41803729718157,67.81752321314158,155.84688665751378,1.328680640140523,67.81752321314158,1.0054637848871857,Normal,0
LateStagnation,ExpectedValueMax,9,300051,101,False,True,False,environment_collapse,101,130.0,3.157641591148863,124.19090243370516,130.0,92.92996384135168,46.26226073939777,94.01918381274153,1.2246778530788007,61.75057485093761,0.9308830080469459,Normal,0
LateStagnation,ExpectedValueMax,10,300052,150,False,True,False,environment_collapse,150,125.04559712544877,6.297787964065575,126.7901868531437,129.3970115442126,120.13526276616503,54.46172326071372,155.56466603309738,1.4189117344466307,54.46172326071372,1.0370977735539826,Normal,0
LateStagnation,ExpectedValueMax,11,300053,194,False,True,False,environment_collapse,194,130.0,7.935100010986126,130.0,130.0,129.99849222224998,46.20298457361096,214.66912466881791,1.4933184762594343,57.08252950652111,1.1065418797361748,Normal,0
LateStagnation,ExpectedValueMax,12,300054,200,True,False,False,alive,-1,130.0,27.21257369462249,130.0,130.0,128.1333479833667,35.067198228141216,210.95846546758023,1.4703457655496441,44.2691108075645,1.0547923273379012,Normal,0
LateStagnation,ExpectedValueMax,13,300055,179,False,True,False,environment_collapse,179,130.0,7.86278247017746,129.9723202754362,130.0,119.94700635042437,43.81909716707236,189.62607524142666,1.4041201251110693,46.619794964940674,1.059363548834786,Normal,0
LateStagnation,ExpectedValueMax,14,300056,84,False,True,False,environment_collapse,84,130.0,6.0154222481249775,114.21299651886235,130.0,90.82629377423848,49.204252882515924,79.5894976061672,1.2032918164365094,50.42493251107516,0.9474940191210381,Normal,0
LateStagnation,ExpectedValueMax,15,300057,200,True,False,False,alive,-1,130.0,38.06448811082298,130.0,130.0,109.529768666126,36.75710552517149,203.55348689936048,1.374307744473787,40.392176037289026,1.0177674344968024,Normal,0
LateStagnation,ExpectedValueMax,16,300058,145,False,True,False,environment_collapse,145,118.17120067541552,3.078188569022645,117.8259694654689,125.41986656436885,122.09848961562045,72.08337260152985,152.1750940435585,1.4226079722257685,72.08337260152985,1.049483407196955,Normal,0
LateStagnation,ExpectedValueMax,17,300059,121,False,True,False,environment_collapse,121,130.0,7.2635880433640505,129.96304903979524,130.0,93.30079811380007,44.46298431467612,114.45186559915656,1.2714432714324442,68.22858421628725,0.9458831867698889,Normal,0
LateStagnation,ExpectedValueMax,18,300060,152,False,True,False,environment_collapse,152,130.0,3.555669831879512,126.96839260760883,130.0,129.77132568800948,58.08268445553907,160.82437803339604,1.4309833299732384,58.08268445553907,1.0580551186407634,Normal,0
LateStagnation,ExpectedValueMax,19,300061,148,False,True,False,environment_collapse,148,130.0,7.801911407962322,130.0,130.0,118.27935354148899,45.668981689032485,151.46779951931615,1.3949752791162475,48.52765519735902,1.0234310778332172,Normal,0
LateStagnation,RiskAdjustedUtility,0,310042,200,True,False,False,alive,-1,130.0,113.28536463762985,130.0,130.0,130.0,5.220560962897355,155.1934377350262,0.9191051808677003,26.93347293796745,0.775967188675131,Normal,0
LateStagnation,RiskAdjustedUtility,1,310043,200,True,False,False,alive,-1,130.0,112.3351146607656,130.0,130.0,130.0,5.056555006591236,158.90333779011038,0.9176714814422574,17.273178886517258,0.7945166889505519,Normal,0
LateStagnation,RiskAdjustedUtility,2,310044,200,True,False,False,alive,-1,130.0,99.68059925121116,130.0,130.0,130.0,9.20724852567924,156.6288013235454,0.9076681966337187,23.289561931124158,0.783144006617727,Normal,0
LateStagnation,RiskAdjustedUtility,3,310045,200,True,False,False,alive,-1,130.0,111.51389312975256,130.0,130.0,129.2101688216099,9.452279997498973,147.2578542775261,0.8986801497022352,17.392121544298647,0.7362892713876305,Normal,0
LateStagnation,RiskAdjustedUtility,4,310046,200,True,False,False,alive,-1,130.0,124.0984700424359,130.0,130.0,130.0,6.703722616085688,152.7041621172959,0.9133018330730923,17.319616986044228,0.7635208105864796,Normal,0
LateStagnation,RiskAdjustedUtility,5,310047,200,True,False,False,alive,-1,130.0,124.51011964073824,130.0,130.0,109.00391025516228,9.077030587325906,140.07552126561637,0.829921669383371,17.387614253082972,0.7003776063280819,Normal,0
LateStagnation,RiskAdjustedUtility,6,310048,200,True,False,False,alive,-1,130.0,105.82880794912545,130.0,130.0,130.0,8.298198966813812,157.69315229225498,0.910510054947234,17.36662905004245,0.7884657614612749,Normal,0
LateStagnation,RiskAdjustedUtility,7,310049,200,True,False,False,alive,-1,130.0,108.8733888519636,130.0,130.0,130.0,14.803934513822247,154.57365320393902,0.9159782420018399,22.601564281859662,0.772868266019695,Normal,0
LateStagnation,RiskAdjustedUtility,8,310050,200,True,False,False,alive,-1,130.0,119.61887141263968,130.0,130.0,130.0,6.708908550157844,149.95058527432323,0.9114830205916629,19.371016115626922,0.7497529263716162,Normal,0
LateStagnation,RiskAdjustedUtility,9,310051,200,True,False,False,alive,-1,130.0,106.12305275012137,130.0,130.0,130.0,7.530736144536425,153.52453501582684,0.9146729686315043,24.014433355119024,0.7676226750791342,Normal,0
LateStagnation,RiskAdjustedUtility,10,310052,200,True,False,False,alive,-1,130.0,121.79194389008441,130.0,130.0,102.28853658755577,7.202867473579477,134.99219454926197,0.8239269045534738,33.77212100993735,0.6749609727463098,Normal,0
LateStagnation,RiskAdjustedUtility,11,310053,200,True,False,False,alive,-1,130.0,108.78961564443647,130.0,130.0,130.0,9.749285678699154,151.38441666437117,0.9141816011784227,17.286440122656725,0.7569220833218558,Normal,0
LateStagnation,RiskAdjustedUtility,12,310054,200,True,False,False,alive,-1,104.29476646856945,86.73982445083806,116.73464957681557,130.0,130.0,39.74457374507273,150.05080373707042,0.910510896791912,52.886009046359774,0.7502540186853521,Normal,0
LateStagnation,RiskAdjustedUtility,13,310055,200,True,False,False,alive,-1,130.0,99.86321496812135,130.0,130.0,130.0,14.051241148525044,154.98535808660597,0.917829090576611,23.15398886107333,0.7749267904330298,Normal,0
LateStagnation,RiskAdjustedUtility,14,310056,200,True,False,False,alive,-1,130.0,106.76076337945352,130.0,130.0,130.0,8.716419128828278,156.8172044686947,0.9119841939225991,17.337827779856653,0.7840860223434736,Normal,0
LateStagnation,RiskAdjustedUtility,15,310057,200,True,False,False,alive,-1,130.0,110.54453842730868,130.0,130.0,125.90457995473997,9.649060910108965,155.27551299504793,0.9032481469231561,22.154847409871667,0.7763775649752397,Normal,0
LateStagnation,RiskAdjustedUtility,16,310058,200,True,False,False,alive,-1,130.0,111.88978500939089,123.30358225516883,130.0,116.64574210298468,10.828918915246325,146.94256676468243,0.853794077145291,17.362965216465753,0.7347128338234121,Normal,0
LateStagnation,RiskAdjustedUtility,17,310059,200,True,False,False,alive,-1,130.0,122.51295835615993,130.0,130.0,130.0,5.494310221571236,157.96104714255762,0.9161774976466623,27.20316682479651,0.789805235712788,Normal,0
LateStagnation,RiskAdjustedUtility,18,310060,200,True,False,False,alive,-1,127.25529092098603,92.41770950083703,128.50621332886413,130.0,130.0,14.680904138717729,155.6529126685599,0.9097696786109645,30.595945039063345,0.7782645633427996,Normal,0
LateStagnation,RiskAdjustedUtility,19,310061,200,True,False,False,alive,-1,130.0,110.30739842370187,130.0,130.0,129.62373256331537,12.506119233407327,144.87286690732816,0.8927708635914909,20.33648885297221,0.7243643345366408,Normal,0
LateStagnation,NRMO_Original,0,320042,200,True,False,False,alive,-1,130.0,28.706937342477936,130.0,130.0,130.0,18.462776488500605,193.28027302425585,1.4273648686232434,48.50749333075252,0.9664013651212793,Normal,0
LateStagnation,NRMO_Original,1,320043,200,True,False,False,alive,-1,130.0,14.369527236626212,130.0,130.0,125.57529720796329,30.337382701663472,183.3296436503907,1.3733787583313857,52.213761289808275,0.9166482182519534,Normal,0
LateStagnation,NRMO_Original,2,320044,200,True,False,False,alive,-1,130.0,20.09182368331934,130.0,130.0,130.0,21.27615707146626,191.24272180510522,1.4417211445244964,44.54104487676993,0.9562136090255261,Normal,0
LateStagnation,NRMO_Original,3,320045,200,True,False,False,alive,-1,130.0,22.78357461582942,130.0,130.0,130.0,18.869624505999326,194.87129790424717,1.5768208001002981,50.0639096481472,0.9743564895212359,Normal,0
LateStagnation,NRMO_Original,4,320046,200,True,False,False,alive,-1,130.0,27.68651348612978,130.0,130.0,130.0,26.715244385471948,202.25262024586618,1.4946611259453704,57.28853191725603,1.011263101229331,Normal,0
LateStagnation,NRMO_Original,5,320047,200,True,False,False,alive,-1,130.0,31.22847196314807,130.0,130.0,130.0,36.439530019773386,216.611638946016,1.4785446995429359,39.3752762029923,1.08305819473008,Normal,0
LateStagnation,NRMO_Original,6,320048,200,True,False,False,alive,-1,130.0,27.677003735550198,130.0,130.0,130.0,30.37375909073871,208.76339718666046,1.4742043097332513,65.00582582962502,1.0438169859333022,Normal,0
LateStagnation,NRMO_Original,7,320049,200,True,False,False,alive,-1,130.0,28.19266310733287,130.0,130.0,130.0,25.00006366578686,214.93638493890413,1.5472334637231522,44.864023169305554,1.0746819246945207,Normal,0
LateStagnation,NRMO_Original,8,320050,200,True,False,False,alive,-1,130.0,10.919018800806356,130.0,130.0,130.0,14.541129604378767,171.89886196443948,1.4142146681882672,51.52751683923908,0.8594943098221974,Normal,0
LateStagnation,NRMO_Original,9,320051,89,False,True,False,environment_collapse,89,126.97757300899188,7.356200078409824,125.03946196675147,130.0,100.11357282304644,47.8208850326922,82.54735974833132,1.3119661897699404,51.69828239197795,0.9274984241385541,Normal,0
LateStagnation,NRMO_Original,10,320052,120,False,True,False,environment_collapse,120,102.09587095670727,3.989986306750975,115.12751516286795,119.79875485591796,100.90796477196436,71.2604046759325,116.78529441151521,1.3435757708155243,71.2604046759325,0.9732107867626267,Normal,0
LateStagnation,NRMO_Original,11,320053,200,True,False,False,alive,-1,130.0,28.6160000332358,130.0,130.0,130.0,27.508163132565706,199.26643221501544,1.5846004709186676,58.869199283473264,0.9963321610750772,Normal,0
LateStagnation,NRMO_Original,12,320054,200,True,False,False,alive,-1,130.0,28.351335262478212,130.0,130.0,130.0,23.333410800816985,193.41006399711063,1.6088049817588677,52.63399240090291,0.9670503199855531,Normal,0
LateStagnation,NRMO_Original,13,320055,200,True,False,False,alive,-1,130.0,23.40266695228579,130.0,130.0,130.0,29.799856768795962,180.85454761658326,1.5170584439578947,56.770000854252494,0.9042727380829163,Normal,0
LateStagnation,NRMO_Original,14,320056,200,True,False,False,alive,-1,125.41610091565637,23.280270704869515,127.89866028925502,130.0,130.0,39.80853810437817,195.8103136962952,1.5161880044356146,58.478267833718085,0.979051568481476,Normal,0
LateStagnation,NRMO_Original,15,320057,200,True,False,False,alive,-1,130.0,29.020031305221167,130.0,130.0,130.0,30.98867717926648,191.84939617236574,1.581446620349384,51.45856316896521,0.9592469808618287,Normal,0
LateStagnation,NRMO_Original,16,320058,200,True,False,False,alive,-1,130.0,28.457510654679353,130.0,130.0,130.0,29.461088422189867,216.7122338663448,1.5519464791643942,42.64925736288231,1.083561169331724,Normal,0
LateStagnation,NRMO_Original,17,320059,200,True,False,False,alive,-1,130.0,28.411868936602612,129.0049069276665,130.0,130.0,28.241906978035676,161.34166865376483,1.5530248456189713,72.65850307537852,0.8067083432688241,Normal,0
LateStagnation,NRMO_Original,18,320060,200,True,False,False,alive,-1,130.0,28.21190226275966,130.0,130.0,130.0,27.344355620080044,173.34298273096093,1.3955506476057524,44.5596509359909,0.8667149136548047,Normal,0
LateStagnation,NRMO_Original,19,320061,200,True,False,False,alive,-1,130.0,29.018581384558612,130.0,130.0,130.0,30.778391190547413,205.148125726291,1.3977069802172915,54.76691598439576,1.025740628631455,Normal,0
LateStagnation,NRMO_vNext,0,330042,200,True,False,False,alive,-1,130.0,119.61897526023012,130.0,130.0,130.0,1.601240268384269,123.389568449451,1.0376851870845456,21.492172788482385,0.6169478422472551,Normal,0
LateStagnation,NRMO_vNext,1,330043,200,True,False,False,alive,-1,128.69824918246317,101.47663359077103,129.5200529927495,130.0,130.0,12.57464952859117,129.12669298093203,1.0258147355851857,28.616680432335748,0.6456334649046602,Normal,0
LateStagnation,NRMO_vNext,2,330044,200,True,False,False,alive,-1,130.0,125.8982687233438,130.0,130.0,130.0,2.1174005807249787,132.0978457159903,1.0398087063344525,17.164633671955617,0.6604892285799515,Normal,0
LateStagnation,NRMO_vNext,3,330045,200,True,False,False,alive,-1,130.0,111.42556894682328,130.0,130.0,130.0,1.8720641621913785,130.85685198611125,1.024940430490598,29.189411608229594,0.6542842599305563,Normal,0
LateStagnation,NRMO_vNext,4,330046,200,True,False,False,alive,-1,130.0,110.6517790751678,130.0,130.0,130.0,7.9188226886861655,130.2667631166989,1.0329562985676102,19.339848116651538,0.6513338155834946,Normal,0
LateStagnation,NRMO_vNext,5,330047,200,True,False,False,alive,-1,130.0,129.38493730892264,127.3237241256776,130.0,130.0,4.185869536157257,131.04467085801636,1.0351107212909747,18.646978228213968,0.6552233542900818,Normal,0
LateStagnation,NRMO_vNext,6,330048,200,True,False,False,alive,-1,130.0,98.25492913502012,130.0,130.0,130.0,5.144956996135547,123.7860956148506,1.0041246477639603,26.155659904182443,0.6189304780742529,Normal,0
LateStagnation,NRMO_vNext,7,330049,200,True,False,False,alive,-1,130.0,121.8665627300734,130.0,130.0,130.0,11.271878232231561,126.4224400900539,1.0043772079789695,17.117025166493306,0.6321122004502695,Normal,0
LateStagnation,NRMO_vNext,8,330050,200,True,False,False,alive,-1,130.0,110.03787132430737,130.0,130.0,130.0,0.0,128.64799686136567,1.0392816741143651,29.104769588849486,0.6432399843068284,Normal,0
LateStagnation,NRMO_vNext,9,330051,200,True,False,False,alive,-1,130.0,129.64581092357082,130.0,130.0,130.0,2.753018315561988,128.14878800590307,1.0276684298878904,21.03297761556601,0.6407439400295154,Normal,0
LateStagnation,NRMO_vNext,10,330052,200,True,False,False,alive,-1,130.0,129.89488160423616,128.77214300316712,130.0,130.0,2.9307937888495967,129.91280247214422,1.0328609978375582,18.013968824664293,0.6495640123607211,Normal,0
LateStagnation,NRMO_vNext,11,330053,200,True,False,False,alive,-1,130.0,104.35555926037328,130.0,130.0,124.7002568952193,7.3378128690344555,129.25473804808294,1.0175215968949352,22.30360294680043,0.6462736902404147,Normal,0
LateStagnation,NRMO_vNext,12,330054,200,True,False,False,alive,-1,130.0,104.61984989536582,130.0,130.0,130.0,1.6314319166497186,122.75133400879758,1.0317343843298323,45.3177597933657,0.6137566700439879,Normal,0
LateStagnation,NRMO_vNext,13,330055,200,True,False,False,alive,-1,130.0,130.0,130.0,130.0,130.0,1.4262449922666565,132.14844502815987,1.0298487210640481,17.051822496172306,0.6607422251407994,Normal,0
LateStagnation,NRMO_vNext,14,330056,200,True,False,False,alive,-1,130.0,119.74019874983075,130.0,130.0,130.0,4.044397246932973,131.48954864413923,1.031291857016944,17.117754701571283,0.6574477432206962,Normal,0
LateStagnation,NRMO_vNext,15,330057,200,True,False,False,alive,-1,130.0,129.4999502360111,130.0,130.0,130.0,0.21347230389593902,127.81616394550711,1.031053186712539,17.977021855421693,0.6390808197275356,Normal,0
LateStagnation,NRMO_vNext,16,330058,200,True,False,False,alive,-1,130.0,110.48463531869453,130.0,130.0,130.0,3.5996376671131785,121.89779358921571,0.9950517903448238,45.385146264423135,0.6094889679460785,Normal,0
LateStagnation,NRMO_vNext,17,330059,200,True,False,False,alive,-1,130.0,121.31199094466213,130.0,130.0,128.73528406929614,0.47437854292746795,128.04882076910675,1.028851594523927,29.66323516058973,0.6402441038455338,Normal,0
LateStagnation,NRMO_vNext,18,330060,200,True,False,False,alive,-1,130.0,116.32848298106373,130.0,130.0,130.0,3.3582253939731976,127.04058065044916,1.0008264152673396,17.462040764168513,0.6352029032522458,Normal,0
LateStagnation,NRMO_vNext,19,330061,200,True,False,False,alive,-1,130.0,121.01003005145127,122.9682062702534,130.0,130.0,4.9328739853893335,127.54885522139395,0.9940425902214906,17.35833423780591,0.6377442761069697,Normal,0
LateStagnation,UltraConservative,0,340042,200,True,False,False,alive,-1,53.06589905573901,130.0,130.0,130.0,112.36946159831446,0.0,19.530882654643946,0.11580475245783743,14.875808046937408,0.09765441327321973,Normal,0
LateStagnation,UltraConservative,1,340043,200,True,False,False,alive,-1,61.55503494911074,130.0,130.0,130.0,112.16111311079794,0.0,20.61050947295143,0.1216013036419361,14.74513634120476,0.10305254736475716,Normal,0
LateStagnation,UltraConservative,2,340044,200,True,False,False,alive,-1,52.42837040564392,130.0,130.0,130.0,107.86560958487495,0.0,20.008376906045697,0.11220578599336321,14.737099725054838,0.10004188453022848,Normal,0
LateStagnation,UltraConservative,3,340045,200,True,False,False,alive,-1,59.16373498571529,130.0,130.0,130.0,114.8888528119764,0.0,19.907102513921682,0.12343772061503894,14.737658595392201,0.09953551256960841,Normal,0
LateStagnation,UltraConservative,4,340046,200,True,False,False,alive,-1,53.893563805484774,130.0,130.0,130.0,116.25906371588229,0.0,20.07773449217716,0.12194609157598908,14.73234317194633,0.1003886724608858,Normal,0
LateStagnation,UltraConservative,5,340047,200,True,False,False,alive,-1,37.30665965193165,130.0,130.0,130.0,112.92640675279537,0.0,20.090714003296412,0.11638426873778107,14.748306817639593,0.10045357001648206,Normal,0
LateStagnation,UltraConservative,6,340048,200,True,False,False,alive,-1,59.39481502727353,130.0,130.0,130.0,91.70228752962298,0.0,18.088320670389685,0.10576797178982757,14.737617775363248,0.09044160335194842,Normal,0
LateStagnation,UltraConservative,7,340049,200,True,False,False,alive,-1,56.60522105551624,130.0,130.0,130.0,83.6750895048461,0.0,15.988532886915058,0.09819621739225365,14.746407676982223,0.07994266443457529,Normal,0
LateStagnation,UltraConservative,8,340050,200,True,False,False,alive,-1,59.18524027840283,130.0,130.0,130.0,103.85754354134393,0.0,19.271830308558307,0.11876417069305659,14.737116715964957,0.09635915154279154,Normal,0
LateStagnation,UltraConservative,9,340051,200,True,False,False,alive,-1,60.91683261053811,130.0,130.0,130.0,102.9121034054225,0.0,19.80101956595023,0.11468025521117245,14.724037563823446,0.09900509782975116,Normal,0
LateStagnation,UltraConservative,10,340052,200,True,False,False,alive,-1,64.80495162841449,130.0,130.0,130.0,113.82134528190029,0.0,20.760947662625995,0.12789379688016733,14.741086608066322,0.10380473831312997,Normal,0
LateStagnation,UltraConservative,11,340053,200,True,False,False,alive,-1,60.00948330952279,130.0,130.0,130.0,101.73937327067947,0.0,19.549913154832673,0.11553693195819378,14.721459468568028,0.09774956577416337,Normal,0
LateStagnation,UltraConservative,12,340054,200,True,False,False,alive,-1,51.89143587295617,130.0,130.0,130.0,88.03388693440333,0.0,17.34463550403832,0.10173511641896087,14.7382906977872,0.0867231775201916,Normal,0
LateStagnation,UltraConservative,13,340055,200,True,False,False,alive,-1,52.69631492099479,130.0,130.0,130.0,113.60751069198385,0.0,18.690610234635717,0.11641267792908506,14.738275809966522,0.09345305117317858,Normal,0
LateStagnation,UltraConservative,14,340056,200,True,False,False,alive,-1,68.7966177248734,130.0,130.0,130.0,115.99982977227877,0.0,20.924424088004685,0.12935751324800654,14.72369100415677,0.10462212044002342,Normal,0
LateStagnation,UltraConservative,15,340057,200,True,False,False,alive,-1,55.092973766424784,130.0,130.0,130.0,111.94002786352604,0.0,20.106908346162903,0.11692310114096559,14.728100689633179,0.10053454173081451,Normal,0
LateStagnation,UltraConservative,16,340058,200,True,False,False,alive,-1,58.52095489774517,130.0,130.0,130.0,112.12143865843888,0.0,18.912633817522675,0.12000392170857314,14.74975142209145,0.09456316908761338,Normal,0
LateStagnation,UltraConservative,17,340059,200,True,False,False,alive,-1,20.033070276972154,130.0,130.0,130.0,102.90814248118856,0.0,16.686559479038223,0.09317478699294951,26.750382213910555,0.08343279739519112,Normal,0
LateStagnation,UltraConservative,18,340060,160,False,True,False,resource_collapse,160,1.6045720445790828,119.12956158646227,122.85774370815685,125.39295643662089,104.34772436938954,17.542817458822032,13.918949085219257,0.10122503295808014,17.542817458822032,0.08699343178262035,Normal,0
LateStagnation,UltraConservative,19,340061,200,True,False,False,alive,-1,41.11994954649705,130.0,130.0,130.0,94.598175618323,0.0,17.599564838834915,0.10238334120992937,21.06272706405286,0.08799782419417458,Normal,0
LateStagnation,AlphaSearch,0,350042,200,True,False,False,alive,-1,130.0,15.938693858756386,130.0,130.0,130.0,34.656406190296856,210.19575565414308,1.2480000000000002,43.49590351367187,1.0509787782707154,Normal,0
LateStagnation,AlphaSearch,1,350043,156,False,True,False,environment_collapse,156,130.0,0.0,130.0,130.0,107.7215550907765,45.228090058690086,151.9207715727656,1.1410634644357274,61.774374315769,0.9738510998254205,Normal,0
LateStagnation,AlphaSearch,2,350044,200,True,False,False,alive,-1,130.0,23.97331643124737,130.0,130.0,130.0,43.091797385208004,210.56887451174453,1.2480000000000002,43.946648140056325,1.0528443725587227,Normal,0
LateStagnation,AlphaSearch,3,350045,165,False,True,False,environment_collapse,165,130.0,5.041201193605596,129.0303353628559,130.0,124.60635717917248,42.33432099590185,167.81203438405592,1.2201993034206802,42.33432099590185,1.0170426326306419,Normal,0
LateStagnation,AlphaSearch,4,350046,200,True,False,False,alive,-1,130.0,17.237919285791605,130.0,130.0,130.0,35.16832253919206,213.8659663378112,1.2480000000000002,39.70499321326277,1.069329831689056,Normal,0
LateStagnation,AlphaSearch,5,350047,116,False,True,False,environment_collapse,116,130.0,2.2116196169655584,130.0,130.0,100.87380877651769,38.853631810981334,103.75013305396696,1.1081942821272852,57.11170925485059,0.8943976987410945,Normal,0
LateStagnation,AlphaSearch,6,350048,200,True,False,False,alive,-1,130.0,38.074622021456115,130.0,130.0,130.0,33.789474628148895,221.32405878679407,1.2480000000000002,35.81406052912282,1.1066202939339704,Normal,0
LateStagnation,AlphaSearch,7,350049,177,False,True,False,environment_collapse,177,130.0,7.1774931501730626,130.0,130.0,114.67260739406865,44.900159794180624,179.52934151217002,1.1744285154915297,51.91031021558412,1.0142900650405087,Normal,0
LateStagnation,AlphaSearch,8,350050,200,True,False,False,alive,-1,130.0,31.188495243186097,130.0,130.0,130.0,37.21964397995778,217.57015579106718,1.2480000000000002,39.217050504615145,1.087850778955336,Normal,0
LateStagnation,AlphaSearch,9,350051,200,True,False,False,alive,-1,130.0,30.79130343399531,130.0,130.0,130.0,36.14467463798752,215.61665180202152,1.2480000000000002,38.60848227203563,1.0780832590101077,Normal,0
LateStagnation,AlphaSearch,10,350052,200,False,True,False,environment_collapse,200,130.0,5.875608618319453,130.0,130.0,130.0,43.2804461226831,209.74881467978358,1.2480000000000002,50.926377991918955,1.048744073398918,Normal,0
LateStagnation,AlphaSearch,11,350053,177,False,True,False,environment_collapse,177,115.42194301269248,3.986964397116294,120.74801392411354,124.94356826994279,130.0,61.7268438949518,187.76947113964525,1.2480000000000002,61.7268438949518,1.06084446971551,Normal,0
LateStagnation,AlphaSearch,12,350054,200,True,False,False,alive,-1,130.0,16.08505031584596,130.0,130.0,130.0,35.43112537642858,212.17150341360693,1.2480000000000002,48.15893604090663,1.0608575170680346,Normal,0
LateStagnation,AlphaSearch,13,350055,200,True,False,False,alive,-1,130.0,19.55264078335328,130.0,130.0,130.0,34.02507554192907,216.1461499333892,1.2480000000000002,56.915763730096465,1.080730749666946,Normal,0
LateStagnation,AlphaSearch,14,350056,200,True,False,False,alive,-1,130.0,20.590532603490303,130.0,130.0,130.0,35.074543253910015,208.31527499248642,1.2480000000000002,64.73809184420097,1.041576374962432,Normal,0
LateStagnation,AlphaSearch,15,350057,104,False,True,False,environment_collapse,104,106.55583674977622,0.0,115.71262910379316,120.69410098132238,95.98577630025737,75.6971175912895,94.92434182874018,1.0824745125276958,75.6971175912895,0.9127340560455787,Normal,0
LateStagnation,AlphaSearch,16,350058,200,True,False,False,alive,-1,130.0,23.804854990591227,130.0,130.0,130.0,38.731779786559535,210.74718313805852,1.2480000000000002,52.13062945610395,1.0537359156902926,Normal,0
LateStagnation,AlphaSearch,17,350059,200,True,False,False,alive,-1,130.0,21.215212140320205,130.0,130.0,130.0,43.839999785415884,210.52956346648008,1.2480000000000002,46.373557756369436,1.0526478173324003,Normal,0
LateStagnation,AlphaSearch,18,350060,200,True,False,False,alive,-1,130.0,31.0406075982163,130.0,130.0,129.23414600429948,37.9548344692618,209.3408806139991,1.2443239008206377,43.69331513644068,1.0467044030699955,Normal,0
LateStagnation,AlphaSearch,19,350061,200,True,False,False,alive,-1,130.0,19.275823265816463,130.0,130.0,115.54585075968599,39.57824569408094,200.7021199467917,1.1786200836464928,40.29014294492991,1.0035105997339584,Normal,0
LateStagnation,NRMO_StrongEngine,0,360042,200,True,False,False,alive,-1,130.0,23.92742260084727,130.0,130.0,130.0,30.636276529748482,192.88124930060656,1.2480000000000002,47.87028907584718,0.9644062465030327,Normal,0
LateStagnation,NRMO_StrongEngine,1,360043,200,True,False,False,alive,-1,130.0,30.799268898163266,130.0,130.0,130.0,33.7831836903899,203.6771936604503,1.2480000000000002,40.46821227513153,1.0183859683022516,Normal,0
LateStagnation,NRMO_StrongEngine,2,360044,200,True,False,False,alive,-1,130.0,29.257704136956942,130.0,130.0,130.0,30.519273489055188,204.01993571643519,1.2480000000000002,49.09788504925612,1.0200996785821759,Normal,0
LateStagnation,NRMO_StrongEngine,3,360045,200,True,False,False,alive,-1,128.15797649422694,13.392015993475582,130.0,130.0,130.0,35.28082018398982,205.92009191179366,1.2480000000000002,39.53239740491555,1.0296004595589683,Normal,0
LateStagnation,NRMO_StrongEngine,4,360046,100,False,True,False,environment_collapse,100,129.4776994294887,4.951529222198825,130.0,130.0,106.13841747304383,29.781021938805445,83.42756147950371,1.0847237153873026,41.892219887775084,0.8342756147950371,Normal,0
LateStagnation,NRMO_StrongEngine,5,360047,200,True,False,False,alive,-1,130.0,28.928792147911235,130.0,130.0,130.0,30.128420935288997,197.80040495491568,1.2480000000000002,43.00677844941306,0.9890020247745784,Normal,0
LateStagnation,NRMO_StrongEngine,6,360048,200,True,False,False,alive,-1,130.0,38.84634859821717,130.0,130.0,114.27167327942426,34.20926661089938,194.70555799973548,1.1725040317412365,39.669836570827584,0.9735277899986774,Normal,0
LateStagnation,NRMO_StrongEngine,7,360049,200,True,False,False,alive,-1,130.0,26.977811079231167,130.0,130.0,130.0,21.230330722392743,204.70483794828687,1.2480000000000002,37.91063658835559,1.0235241897414342,Normal,0
LateStagnation,NRMO_StrongEngine,8,360050,200,True,False,False,alive,-1,130.0,28.697203800827342,130.0,130.0,130.0,25.550676929602627,187.42982836566347,1.2480000000000002,63.2721654747871,0.9371491418283173,Normal,0
LateStagnation,NRMO_StrongEngine,9,360051,200,True,False,False,alive,-1,130.0,28.4881019785616,130.0,130.0,130.0,27.039318489183117,206.00639180543843,1.2480000000000002,45.76565817102531,1.030031959027192,Normal,0
LateStagnation,NRMO_StrongEngine,10,360052,197,False,True,False,environment_collapse,197,130.0,7.117087596951392,130.0,130.0,130.0,19.229422725198646,186.49493580578456,1.2480000000000002,47.3054241998461,0.9466748010445917,Normal,0
LateStagnation,NRMO_StrongEngine,11,360053,200,True,False,False,alive,-1,130.0,29.83300014814818,130.0,130.0,130.0,35.0378505751832,216.83961386562905,1.2480000000000002,38.87499026688659,1.0841980693281452,Normal,0
LateStagnation,NRMO_StrongEngine,12,360054,200,True,False,False,alive,-1,130.0,27.279134111026366,130.0,130.0,130.0,22.87247977663898,188.88938685238273,1.2480000000000002,65.24191453529497,0.9444469342619136,Normal,0
LateStagnation,NRMO_StrongEngine,13,360055,200,True,False,False,alive,-1,130.0,28.998553903418088,130.0,130.0,121.05637167644927,32.489423852264764,193.83866439693156,1.2237658965920943,44.07841989367891,0.9691933219846578,Normal,0
LateStagnation,NRMO_StrongEngine,14,360056,200,True,False,False,alive,-1,130.0,28.85118390018304,130.0,130.0,130.0,29.699524815747814,205.35308247668283,1.2480000000000002,53.533303721691276,1.0267654123834142,Normal,0
LateStagnation,NRMO_StrongEngine,15,360057,200,True,False,False,alive,-1,130.0,28.33766263765351,130.0,130.0,116.64360614273083,34.44801977942923,195.74598513084544,1.1838893094851082,52.78495560640164,0.9787299256542272,Normal,0
LateStagnation,NRMO_StrongEngine,16,360058,200,True,False,False,alive,-1,130.0,29.08244956830067,130.0,130.0,130.0,32.44321087759177,197.000027951124,1.2480000000000002,52.94753459927908,0.98500013975562,Normal,0
LateStagnation,NRMO_StrongEngine,17,360059,200,True,False,False,alive,-1,130.0,27.773281451419667,130.0,130.0,118.21222855645378,20.824593082128814,176.96874670615577,1.1888215180813817,44.36379334959573,0.8848437335307788,Normal,0
LateStagnation,NRMO_StrongEngine,18,360060,200,True,False,False,alive,-1,130.0,19.975224676490154,130.0,130.0,130.0,30.689165098319215,205.28197137382116,1.2480000000000002,48.50437200280629,1.0264098568691058,Normal,0
LateStagnation,NRMO_StrongEngine,19,360061,200,True,False,False,alive,-1,130.0,28.10564438097389,130.0,130.0,130.0,32.986968784883004,198.90772411879942,1.2480000000000002,67.07105920604344,0.9945386205939971,Normal,0
LateStagnation,NRMOvNext_StrongEngine,0,370042,200,True,False,False,alive,-1,130.0,130.0,130.0,130.0,130.0,0.0,122.05904136307058,0.7020000000000001,19.979082606563065,0.6102952068153529,Normal,0
LateStagnation,NRMOvNext_StrongEngine,1,370043,200,True,False,False,alive,-1,130.0,130.0,130.0,130.0,130.0,0.0,117.62723459093648,0.7020000000000001,17.634881320058444,0.5881361729546825,Normal,0
LateStagnation,NRMOvNext_StrongEngine,2,370044,200,True,False,False,alive,-1,130.0,130.0,130.0,130.0,130.0,1.9439201339879586,124.819462173318,0.7020000000000001,17.061353431510913,0.62409731086659,Normal,0
LateStagnation,NRMOvNext_StrongEngine,3,370045,200,True,False,False,alive,-1,130.0,119.95091304923778,130.0,130.0,130.0,1.8054004094374267,121.2323080290783,0.7020000000000001,33.989116603260015,0.6061615401453915,Normal,0
LateStagnation,NRMOvNext_StrongEngine,4,370046,200,True,False,False,alive,-1,130.0,101.89452807231987,130.0,130.0,111.03522857733451,16.99928872435433,121.97346992919559,0.7020000000000001,19.03002528210486,0.6098673496459779,Normal,0
LateStagnation,NRMOvNext_StrongEngine,5,370047,200,True,False,False,alive,-1,130.0,129.88722264191745,130.0,130.0,130.0,0.46580757806499595,124.35058195096569,0.7020000000000001,18.30641545328251,0.6217529097548284,Normal,0
LateStagnation,NRMOvNext_StrongEngine,6,370048,200,True,False,False,alive,-1,130.0,118.06860116268213,130.0,130.0,130.0,6.144414260117206,122.43570458659138,0.7020000000000001,20.61422923959883,0.6121785229329569,Normal,0
LateStagnation,NRMOvNext_StrongEngine,7,370049,200,True,False,False,alive,-1,130.0,130.0,130.0,130.0,130.0,0.0,122.78982262612348,0.7020000000000001,17.144859437909137,0.6139491131306174,Normal,0
LateStagnation,NRMOvNext_StrongEngine,8,370050,200,True,False,False,alive,-1,130.0,130.0,130.0,130.0,130.0,0.6449359021929036,123.07924863435824,0.7020000000000001,17.15108683285576,0.6153962431717912,Normal,0
LateStagnation,NRMOvNext_StrongEngine,9,370051,200,True,False,False,alive,-1,130.0,127.80253559178848,130.0,130.0,130.0,0.8837344113421988,124.79455593540484,0.7020000000000001,20.294967947113793,0.6239727796770242,Normal,0
LateStagnation,NRMOvNext_StrongEngine,10,370052,200,True,False,False,alive,-1,130.0,106.02116648314743,130.0,130.0,130.0,7.299795345299543,124.25975142709915,0.7020000000000001,24.34439214928758,0.6212987571354958,Normal,0
LateStagnation,NRMOvNext_StrongEngine,11,370053,200,True,False,False,alive,-1,130.0,121.66436417391864,130.0,130.0,130.0,0.015937756605936812,119.61130131892675,0.7020000000000001,33.4970322480749,0.5980565065946337,Normal,0
LateStagnation,NRMOvNext_StrongEngine,12,370054,200,True,False,False,alive,-1,130.0,130.0,130.0,130.0,130.0,0.0,121.89113103404506,0.7020000000000001,17.131716737636378,0.6094556551702253,Normal,0
LateStagnation,NRMOvNext_StrongEngine,13,370055,200,True,False,False,alive,-1,130.0,115.57030142562381,127.36562304922202,130.0,130.0,4.367208302919753,122.76286628947858,0.7020000000000001,19.30969404565694,0.613814331447393,Normal,0
LateStagnation,NRMOvNext_StrongEngine,14,370056,200,True,False,False,alive,-1,130.0,130.0,130.0,130.0,130.0,0.0,125.11596481844855,0.7020000000000001,17.09100204677334,0.6255798240922428,Normal,0
LateStagnation,NRMOvNext_StrongEngine,15,370057,200,True,False,False,alive,-1,130.0,122.07485537057124,130.0,130.0,130.0,8.449158782119069,119.30904273333157,0.7020000000000001,22.00167006628127,0.5965452136666578,Normal,0
LateStagnation,NRMOvNext_StrongEngine,16,370058,200,True,False,False,alive,-1,130.0,129.05072998813253,130.0,130.0,130.0,2.326374977683896,120.55408570831614,0.7020000000000001,17.08048342185713,0.6027704285415807,Normal,0
LateStagnation,NRMOvNext_StrongEngine,17,370059,200,True,False,False,alive,-1,130.0,120.01373518216428,130.0,130.0,130.0,0.0,119.63118484286927,0.7020000000000001,19.366632913353136,0.5981559242143464,Normal,0
LateStagnation,NRMOvNext_StrongEngine,18,370060,200,True,False,False,alive,-1,130.0,130.0,130.0,130.0,130.0,0.05769778042878376,124.26295041315215,0.7020000000000001,17.14963378143663,0.6213147520657608,Normal,0
LateStagnation,NRMOvNext_StrongEngine,19,370061,200,True,False,False,alive,-1,130.0,130.0,130.0,130.0,130.0,0.0,120.84243701669843,0.7020000000000001,21.41770443162973,0.6042121850834922,Normal,0
LateStagnation,Adaptive_NRMOvNext_SE,0,380042,200,True,False,False,alive,-1,130.0,130.0,130.0,130.0,127.59301917996622,0.5837611139123009,119.60609094217381,0.7020000000000001,17.114687761584648,0.598030454710869,Normal,0
LateStagnation,Adaptive_NRMOvNext_SE,1,380043,200,True,False,False,alive,-1,130.0,117.04379885075913,130.0,130.0,130.0,0.8744032571761176,122.00855455159719,0.7020000000000001,17.405823618020694,0.6100427727579859,Normal,0
LateStagnation,Adaptive_NRMOvNext_SE,2,380044,200,True,False,False,alive,-1,128.7794293566898,130.0,130.0,130.0,130.0,4.938055566998546,121.49317217384575,0.7020000000000001,17.15336283577687,0.6074658608692287,Normal,0
LateStagnation,Adaptive_NRMOvNext_SE,3,380045,200,True,False,False,alive,-1,130.0,107.64880536213931,130.0,130.0,130.0,0.0,124.64906526523887,0.7020000000000001,22.318375983127012,0.6232453263261943,Normal,0
LateStagnation,Adaptive_NRMOvNext_SE,4,380046,200,True,False,False,alive,-1,130.0,130.0,130.0,130.0,130.0,0.9734072029009672,124.37397698026174,0.7020000000000001,17.062988314611975,0.6218698849013087,Normal,0
LateStagnation,Adaptive_NRMOvNext_SE,5,380047,200,True,False,False,alive,-1,130.0,116.87441742892517,130.0,130.0,130.0,2.3213053514946522,124.82754952233472,0.7020000000000001,17.46355663985915,0.6241377476116736,Normal,0
LateStagnation,Adaptive_NRMOvNext_SE,6,380048,200,True,False,False,alive,-1,130.0,121.95288169519134,130.0,130.0,130.0,0.0,121.62398926955774,0.7020000000000001,27.382106337853784,0.6081199463477887,Normal,0
LateStagnation,Adaptive_NRMOvNext_SE,7,380049,200,True,False,False,alive,-1,130.0,130.0,130.0,130.0,130.0,0.0,122.2118532020751,0.7020000000000001,17.062547270077534,0.6110592660103755,Normal,0
LateStagnation,Adaptive_NRMOvNext_SE,8,380050,200,True,False,False,alive,-1,130.0,129.36055687495082,121.74663107050729,130.0,130.0,3.7560194188631,120.62942261114982,0.7020000000000001,17.157261732970568,0.6031471130557491,Normal,0
LateStagnation,Adaptive_NRMOvNext_SE,9,380051,200,True,False,False,alive,-1,125.72172913305002,125.49134572522308,128.5471715755259,130.0,130.0,7.436632776285757,124.96193837767102,0.7020000000000001,17.05421197782252,0.6248096918883551,Normal,0
LateStagnation,Adaptive_NRMOvNext_SE,10,380052,200,True,False,False,alive,-1,130.0,121.67803465840137,130.0,130.0,130.0,7.520088387217559,118.03986196523995,0.7020000000000001,24.617442631902982,0.5901993098261997,Normal,0
LateStagnation,Adaptive_NRMOvNext_SE,11,380053,200,True,False,False,alive,-1,130.0,103.13563716934418,130.0,130.0,130.0,0.09639997002425148,119.17145858528097,0.7020000000000001,52.205841095623285,0.5958572929264049,Normal,0
LateStagnation,Adaptive_NRMOvNext_SE,12,380054,200,True,False,False,alive,-1,130.0,130.0,130.0,130.0,130.0,0.0,124.81641388535137,0.7020000000000001,18.88019807160406,0.6240820694267568,Normal,0
LateStagnation,Adaptive_NRMOvNext_SE,13,380055,200,True,False,False,alive,-1,122.11455592831159,109.58241155425411,127.90732392551587,130.0,130.0,18.457734643033263,122.50971215828977,0.7020000000000001,22.099606479757856,0.6125485607914488,Normal,0
LateStagnation,Adaptive_NRMOvNext_SE,14,380056,200,True,False,False,alive,-1,130.0,128.7194017820517,130.0,130.0,130.0,0.0,124.79941249024512,0.7020000000000001,17.061878053870366,0.6239970624512255,Normal,0
LateStagnation,Adaptive_NRMOvNext_SE,15,380057,200,True,False,False,alive,-1,128.64210112594083,127.32932348696546,130.0,130.0,130.0,4.499301856562928,118.02950778142912,0.7020000000000001,21.424606776175295,0.5901475389071456,Normal,0
LateStagnation,Adaptive_NRMOvNext_SE,16,380058,200,True,False,False,alive,-1,130.0,130.0,130.0,130.0,130.0,0.7674708337249732,124.61143600508218,0.7020000000000001,17.10789298440699,0.6230571800254109,Normal,0
LateStagnation,Adaptive_NRMOvNext_SE,17,380059,200,True,False,False,alive,-1,130.0,130.0,127.4615422462778,130.0,130.0,1.2723362067253334,121.37887614219402,0.7020000000000001,17.087106623226838,0.6068943807109701,Normal,0
LateStagnation,Adaptive_NRMOvNext_SE,18,380060,200,True,False,False,alive,-1,130.0,130.0,130.0,130.0,129.3077590741253,0.3009659062765795,119.04208542313368,0.7020000000000001,17.090569245046346,0.5952104271156684,Normal,0
LateStagnation,Adaptive_NRMOvNext_SE,19,380061,200,True,False,False,alive,-1,130.0,130.0,130.0,130.0,130.0,0.0,125.7968501752023,0.7020000000000001,17.110892112555803,0.6289842508760115,Normal,0
LateStagnation,Adaptive_NRMOvNext_OmegaFull,0,390042,200,True,False,False,alive,-1,130.0,107.87971620398812,130.0,130.0,130.0,10.849381118429045,127.32109017311646,0.9771903668415592,36.3229952340236,0.6366054508655823,Normal,0
LateStagnation,Adaptive_NRMOvNext_OmegaFull,1,390043,200,True,False,False,alive,-1,130.0,105.95948887609865,130.0,130.0,130.0,4.954390203311818,131.47766572457556,0.9935806433884031,27.45744261557791,0.6573883286228778,Normal,0
LateStagnation,Adaptive_NRMOvNext_OmegaFull,2,390044,200,True,False,False,alive,-1,130.0,106.57170775762229,130.0,130.0,130.0,9.018386403691958,130.81777068083545,1.0169147809642471,33.617759716068655,0.6540888534041772,Normal,0
LateStagnation,Adaptive_NRMOvNext_OmegaFull,3,390045,200,True,False,False,alive,-1,130.0,125.867698597928,124.82735228480229,130.0,130.0,6.359481358340002,131.84720568372816,0.9849263040463576,17.171566902250095,0.6592360284186408,Normal,0
LateStagnation,Adaptive_NRMOvNext_OmegaFull,4,390046,200,True,False,False,alive,-1,130.0,128.78464095165373,130.0,130.0,130.0,2.8834474507606593,130.19351650025166,0.9580205440745673,17.083377466633625,0.6509675825012583,Normal,0
LateStagnation,Adaptive_NRMOvNext_OmegaFull,5,390047,200,True,False,False,alive,-1,130.0,111.19323181978538,130.0,130.0,130.0,6.554836403946781,126.41434682468768,0.9883442451667744,17.237773996833525,0.6320717341234384,Normal,0
LateStagnation,Adaptive_NRMOvNext_OmegaFull,6,390048,200,True,False,False,alive,-1,130.0,93.83431324989316,130.0,130.0,130.0,1.8250026521563414,129.83744292169405,0.9637728424088807,31.16828055546403,0.6491872146084703,Normal,0
LateStagnation,Adaptive_NRMOvNext_OmegaFull,7,390049,200,True,False,False,alive,-1,130.0,117.61449245698275,130.0,130.0,130.0,4.442140056389763,123.986076103503,0.9205016483749004,16.892803402530554,0.6199303805175149,Normal,0
LateStagnation,Adaptive_NRMOvNext_OmegaFull,8,390050,200,True,False,False,alive,-1,130.0,130.0,130.0,130.0,130.0,2.0597024561721167,131.2719798053286,0.9939336575202259,20.871010624875346,0.656359899026643,Normal,0
LateStagnation,Adaptive_NRMOvNext_OmegaFull,9,390051,200,True,False,False,alive,-1,130.0,76.52008664786199,130.0,130.0,125.74655823052376,10.004802889162953,122.24921859048352,1.0049194543067004,46.30129645398669,0.6112460929524176,Normal,0
LateStagnation,Adaptive_NRMOvNext_OmegaFull,10,390052,200,True,False,False,alive,-1,130.0,114.59561812669031,130.0,130.0,130.0,2.5590766548658874,123.92285135513288,0.9973931072472415,44.335931566925275,0.6196142567756644,Normal,0
LateStagnation,Adaptive_NRMOvNext_OmegaFull,11,390053,200,True,False,False,alive,-1,128.54163719287425,107.12904274023072,130.0,130.0,130.0,19.9508918923276,130.98735472633552,0.9616132980293718,24.607872810278092,0.6549367736316776,Normal,0
LateStagnation,Adaptive_NRMOvNext_OmegaFull,12,390054,200,True,False,False,alive,-1,130.0,129.81594972161554,130.0,130.0,130.0,2.9074498506679225,133.0355970781124,0.9783279921315984,17.20882141471341,0.665177985390562,Normal,0
LateStagnation,Adaptive_NRMOvNext_OmegaFull,13,390055,200,True,False,False,alive,-1,130.0,102.077104784353,130.0,130.0,130.0,10.224715251529418,130.82146710120898,0.9350229446539546,31.379336090148467,0.6541073355060449,Normal,0
LateStagnation,Adaptive_NRMOvNext_OmegaFull,14,390056,200,True,False,False,alive,-1,130.0,122.41317201164195,130.0,130.0,130.0,0.7347822587876092,130.5273291173416,0.9323453648004041,17.049713970862694,0.652636645586708,Normal,0
LateStagnation,Adaptive_NRMOvNext_OmegaFull,15,390057,200,True,False,False,alive,-1,130.0,113.75885606570264,130.0,130.0,130.0,1.9549764609755955,133.42978205438578,0.9493181526610306,21.849099654364025,0.6671489102719289,Normal,0
LateStagnation,Adaptive_NRMOvNext_OmegaFull,16,390058,200,True,False,False,alive,-1,125.94430880727836,114.97498384653859,129.66129293639952,130.0,130.0,10.309912934641149,129.73707686575506,0.9674956419115538,33.2152823950186,0.6486853843287753,Normal,0
LateStagnation,Adaptive_NRMOvNext_OmegaFull,17,390059,200,True,False,False,alive,-1,130.0,127.08567815783579,130.0,130.0,130.0,2.524829517510819,130.65561059598625,0.9460726103689006,16.94369583730363,0.6532780529799312,Normal,0
LateStagnation,Adaptive_NRMOvNext_OmegaFull,18,390060,200,True,False,False,alive,-1,130.0,115.8161936908096,130.0,130.0,130.0,1.8806139575678849,132.83324325840718,0.9165320795886467,28.346820166523578,0.6641662162920359,Normal,0
LateStagnation,Adaptive_NRMOvNext_OmegaFull,19,390061,200,True,False,False,alive,-1,130.0,105.0512009221107,130.0,130.0,129.55658103847986,7.051665778261895,122.47990678244668,0.915793307424608,21.280986732006475,0.6123995339122333,Normal,0
FastExpansionRace,ExpectedValueMax,0,400042,46,False,True,False,environment_collapse,46,130.0,7.808569265640316,84.05292754889841,109.7846050888671,72.05203295479446,60.362953736116914,36.62527163271095,1.0944138196067967,61.43339329679578,0.7962015572328467,Normal,0
FastExpansionRace,ExpectedValueMax,1,400043,69,False,True,False,environment_collapse,69,129.52684972512822,7.992551994173754,97.50381356670084,130.0,86.61967626697833,63.6816429439031,58.837026834665316,1.204218561073713,76.82648490662048,0.8527105338357293,Normal,0
FastExpansionRace,ExpectedValueMax,2,400044,61,False,True,False,environment_collapse,61,130.0,1.008835176412978,98.88088233126288,130.0,78.54453893614762,58.828103159015434,51.27024907031802,1.1342376579624451,60.83794963879573,0.8404958863986561,Normal,0
FastExpansionRace,ExpectedValueMax,3,400045,53,False,True,False,environment_collapse,53,125.09167993244856,4.430365585755554,92.20014362847752,116.39227894016231,67.31450358357444,73.61705110973567,42.72960664574799,1.0558496002762763,73.61705110973567,0.8062189933159999,Normal,0
FastExpansionRace,ExpectedValueMax,4,400046,103,False,True,False,environment_collapse,103,130.0,7.660704269124102,115.55012617640934,130.0,86.44396358985749,65.9250940827847,93.91886588099544,1.1753873191540014,73.85108382527294,0.9118336493300528,Normal,0
FastExpansionRace,ExpectedValueMax,5,400047,42,False,True,False,exposure_cascade,42,83.45935231151262,0.0,67.23846746181567,98.34078586188141,70.3359681908359,95.21915536665573,29.668841548848413,1.096750930800599,95.21915536665573,0.7064009892582955,Normal,0
FastExpansionRace,ExpectedValueMax,6,400048,90,False,True,False,environment_collapse,90,114.90042482743817,0.0,114.10279119486263,124.30985143592432,82.96578398740073,84.42172014117747,82.82554541514683,1.1875254074768848,84.42172014117747,0.9202838379460759,Normal,0
FastExpansionRace,ExpectedValueMax,7,400049,87,False,True,False,environment_collapse,87,130.0,5.184920898053274,100.66630618274799,130.0,87.6734374045913,64.8446815162066,77.4254332961527,1.238911082782987,72.75872217116147,0.8899475091511805,Normal,0
FastExpansionRace,ExpectedValueMax,8,400050,66,False,True,False,environment_collapse,66,111.7917285542388,1.3658186958369587,103.02511583034173,123.35136180818559,79.19395947829571,79.90893860563295,58.704876981092184,1.1744742437028546,79.90893860563295,0.8894678330468513,Normal,0
FastExpansionRace,ExpectedValueMax,9,400051,109,False,True,False,environment_collapse,109,125.04065253480736,0.3029305446996329,127.00860244713384,127.8139361375357,68.52147330564854,70.20646330616552,91.87373060587161,1.1270451736057958,70.20646330616552,0.8428782624391892,Normal,0
FastExpansionRace,ExpectedValueMax,10,400052,91,False,True,False,environment_collapse,91,130.0,7.944736022776708,121.2907278227137,130.0,82.32828254388711,63.357301076322436,80.69916177921358,1.165627773433806,72.29536999097863,0.8868039755957536,Normal,0
FastExpansionRace,ExpectedValueMax,11,400053,83,False,True,False,environment_collapse,83,120.41938852776643,0.4037911226793556,88.4428621362732,127.35220211016542,85.05981976442685,78.01627189061054,72.79884809118734,1.1474525556614832,78.01627189061054,0.8770945553155101,Normal,0
FastExpansionRace,ExpectedValueMax,12,400054,52,False,True,False,environment_collapse,52,109.57382248164562,0.0,73.11820652415514,104.17611132018735,67.47957625552546,75.4926558183546,36.12489224462831,0.9715258676716749,82.53079965961787,0.6947094662428521,Normal,0
FastExpansionRace,ExpectedValueMax,13,400055,37,False,True,False,environment_collapse,37,74.3640157062097,1.751618293890827,58.303109972929335,78.76701780184716,63.672573283544196,81.07180308764177,21.885876862417263,0.7722547496336921,90.80300743409991,0.5915101854707369,Normal,0
FastExpansionRace,ExpectedValueMax,14,400056,29,False,True,False,environment_collapse,29,96.42272221978412,1.3636704110537856,72.8091835305905,88.82317906657326,61.09266438301529,79.59243474907208,20.498562128633793,0.9348635434334821,79.59243474907208,0.7068469699528894,Normal,0
FastExpansionRace,ExpectedValueMax,15,400057,39,False,True,False,environment_collapse,39,111.44838392591022,7.507791301791729,80.3447310382603,105.82993209143973,72.27596420740346,68.79627341864281,27.785028673421227,1.0192569220770815,69.10728833125846,0.7124366326518263,Normal,0
FastExpansionRace,ExpectedValueMax,16,400058,42,False,True,False,exposure_cascade,42,89.77529759530182,4.188092551356,68.74848134371197,87.55500584867775,64.88875346708518,94.00421546766786,29.000358526439555,1.0412691387559179,94.00421546766786,0.6904847268199894,Normal,0
FastExpansionRace,ExpectedValueMax,17,400059,78,False,True,False,environment_collapse,78,130.0,7.992277485057946,113.81994534522298,130.0,79.5167525342358,78.17953195174543,68.42589415835873,1.1382667136580806,79.52034304589746,0.8772550533122914,Normal,0
FastExpansionRace,ExpectedValueMax,18,400060,56,False,True,False,environment_collapse,56,119.96552120723756,6.131793013859912,82.60213198705964,115.93556466097205,75.53005813546909,74.7125561374145,42.44729124522682,1.0449901710755962,83.37731106275633,0.7579873436647647,Normal,0
FastExpansionRace,ExpectedValueMax,19,400061,31,False,True,False,exposure_cascade,31,60.56536059881097,8.935174217697572,48.16933752537781,70.69189249844295,65.96417813541298,110.66222658864655,22.495187349392776,0.9977744548733651,110.66222658864655,0.7256512048191218,Normal,0
FastExpansionRace,RiskAdjustedUtility,0,410042,200,True,False,False,alive,-1,109.38074180915436,66.59571695860356,130.0,130.0,105.33305374518136,34.35176012726662,112.55349825260889,0.7259034998279473,71.00000956869714,0.5627674912630445,Normal,0
FastExpansionRace,RiskAdjustedUtility,1,410043,200,True,False,True,knowledge_freeze,134,84.37702960310403,83.5971110240722,130.0,130.0,36.60941485397837,23.938234237232486,75.82312011170977,0.5302905676459811,73.03108597977781,0.37911560055854887,Normal,0
FastExpansionRace,RiskAdjustedUtility,2,410044,158,False,True,False,environment_collapse,158,109.11448792950772,7.852020714795341,125.30322132481163,130.0,115.40793599017869,59.55579486005623,87.7451669557938,0.7347960951260221,59.55579486005623,0.555349157948062,Normal,0
FastExpansionRace,RiskAdjustedUtility,3,410045,195,False,True,False,environment_collapse,195,130.0,0.0,130.0,130.0,130.0,46.92676024289864,127.79075809204424,0.8149556969889625,53.63560789891146,0.6553372209848423,Normal,0
FastExpansionRace,RiskAdjustedUtility,4,410046,200,True,False,True,knowledge_freeze,36,83.11332198319718,46.81204602315624,130.0,130.0,59.173464130951274,32.56942624991212,55.40618326092914,0.4602396347267805,83.47570277347123,0.2770309163046457,Normal,0
FastExpansionRace,RiskAdjustedUtility,5,410047,89,False,True,False,environment_collapse,89,119.07987288264226,0.0,104.41441262854005,130.0,93.1255238532656,34.110212740102185,43.172336750148595,0.6827831106043434,68.27386371192313,0.485082435394928,Normal,0
FastExpansionRace,RiskAdjustedUtility,6,410048,200,True,False,False,alive,-1,130.0,47.316682958711034,130.0,130.0,108.8728000339064,20.253981707337108,131.06297398028232,0.7971833120568157,47.72786368257201,0.6553148699014116,Normal,0
FastExpansionRace,RiskAdjustedUtility,7,410049,67,False,True,False,environment_collapse,67,50.50227258992684,0.0,68.3469418710372,130.0,75.88068616056043,59.21130740232825,25.292632779288837,0.47034000225981987,75.4904913015363,0.37750198178043043,Normal,0
FastExpansionRace,RiskAdjustedUtility,8,410050,200,True,False,False,alive,-1,130.0,56.39630942618222,130.0,130.0,109.25848181791432,24.699458705728205,127.0506455869162,0.7980579042689786,63.46893735358158,0.635253227934581,Normal,0
FastExpansionRace,RiskAdjustedUtility,9,410051,200,True,False,False,alive,-1,120.58259596621635,29.55040864699215,130.0,130.0,89.25200994139406,32.32587449908504,81.8049340481478,0.6585797213909673,62.78324011635913,0.409024670240739,Normal,0
FastExpansionRace,RiskAdjustedUtility,10,410052,200,True,False,False,alive,-1,105.22098497734714,66.68448514168863,115.01785794603038,130.0,101.56701300721888,59.87429029726211,113.78482541715745,0.7909828941096747,72.5152641113099,0.5689241270857872,Normal,0
FastExpansionRace,RiskAdjustedUtility,11,410053,200,True,False,True,knowledge_freeze,55,69.12870189852728,23.724803290319898,130.0,98.15886846016022,11.672700240539077,51.46811250770084,42.42192846665069,0.42981756161323653,62.42107667094908,0.21210964233325347,Normal,0
FastExpansionRace,RiskAdjustedUtility,12,410054,192,False,True,True,resource_collapse,192,1.9120358244091307,52.15931229887266,121.82365617512444,123.76817143918304,42.35646835481827,68.54903226627081,60.30335649216265,0.5254556976846125,68.54903226627081,0.3140799817300138,Normal,0
FastExpansionRace,RiskAdjustedUtility,13,410055,73,False,True,True,exposure_cascade,73,42.12094004086996,42.61548655134988,95.28181472394706,76.74606825320542,14.698849020538578,99.15182443513103,25.88858807125182,0.4452165783704111,99.15182443513103,0.35463819275687425,Normal,0
FastExpansionRace,RiskAdjustedUtility,14,410056,200,True,False,False,alive,-1,84.71884603171637,35.753874254080316,106.77737084864046,120.33672487229343,128.59009740088848,79.32611786310216,134.88085440839987,0.8400023507456059,83.22320309628735,0.6744042720419994,Normal,0
FastExpansionRace,RiskAdjustedUtility,15,410057,57,False,True,False,resource_collapse,57,4.359587127809194,67.95664723234347,98.6690445604441,128.28377966029856,70.98574925327324,58.40039748019204,21.510094638335424,0.48536214831896746,61.40324327715555,0.37737008137430567,Normal,0
FastExpansionRace,RiskAdjustedUtility,16,410058,42,False,True,False,exposure_cascade,42,0.0,0.07019538497773681,0.0,82.25079127686314,71.64963387325928,130.0,17.9879594955853,0.5357707323515776,130.0,0.42828474989488813,Normal,0
FastExpansionRace,RiskAdjustedUtility,17,410059,200,True,False,False,alive,-1,114.32758815053721,56.29876428169383,122.01122903980732,130.0,130.0,38.88903359719642,135.03388476540584,0.8710140452696873,41.84534062965342,0.6751694238270293,Normal,0
FastExpansionRace,RiskAdjustedUtility,18,410060,13,False,True,False,resource_collapse,13,6.248901232663467,35.90136222198166,46.67054819962781,53.72168167634829,58.91433285088346,60.74968165152034,3.36401674800486,0.3974891909087394,60.74968165152034,0.2587705190772969,Normal,0
FastExpansionRace,RiskAdjustedUtility,19,410061,142,False,True,False,environment_collapse,142,130.0,6.068844164272159,130.0,130.0,130.0,34.762119544064625,82.61709278995254,0.8279832980638415,59.1960198002035,0.5818105126052996,Normal,0
FastExpansionRace,NRMO_Original,0,420042,122,False,True,False,environment_collapse,122,130.0,0.0,130.0,130.0,121.88008642779236,42.807686668989994,99.19323992517997,1.3765711440365138,65.49195227121311,0.8130593436490161,Normal,0
FastExpansionRace,NRMO_Original,1,420043,47,False,True,False,environment_collapse,47,77.54428770609944,4.459827721373887,80.22796726420968,110.35717295751436,70.88797118537303,78.3468334334018,26.718024258175795,0.8329077126042017,79.53355918406419,0.5684686012377829,Normal,0
FastExpansionRace,NRMO_Original,2,420044,44,False,True,False,environment_collapse,44,104.0288135401767,0.0,76.73688415766692,109.52756152743052,63.39701250787302,61.16516121973357,25.991434698297205,0.9194955618434527,61.22069753034259,0.5907144249613001,Normal,0
FastExpansionRace,NRMO_Original,3,420045,62,False,True,False,environment_collapse,62,130.0,0.0,104.47511340426705,130.0,86.71064056905472,54.14764043216435,47.58669329375539,1.1593439081956052,59.59087152882037,0.767527311189603,Normal,0
FastExpansionRace,NRMO_Original,4,420046,57,False,True,False,environment_collapse,57,130.0,5.856138723835848,102.9822368290669,130.0,82.4882207408408,54.20754572466194,39.85521739611814,1.216932313832814,63.04714429055045,0.6992143402827744,Normal,0
FastExpansionRace,NRMO_Original,5,420047,18,False,True,False,exposure_cascade,18,43.40264567996998,21.720164537548797,46.023851793887516,58.09447043981327,61.18183575673779,92.38130582648405,12.543946325936759,0.9189799647034822,92.38130582648405,0.6968859069964866,Normal,0
FastExpansionRace,NRMO_Original,6,420048,76,False,True,False,environment_collapse,76,91.25218856516847,2.804722741860962,108.99117686927154,117.3752928730807,54.24840151640529,58.555615226728264,40.72137213039798,0.9537742604189842,63.70688119965663,0.5358075280315524,Normal,0
FastExpansionRace,NRMO_Original,7,420049,165,False,True,False,environment_collapse,165,130.0,6.248300962845592,130.0,130.0,130.0,32.6993481606363,136.47432349861455,1.3053665145088362,55.713443805281294,0.8271171121128155,Normal,0
FastExpansionRace,NRMO_Original,8,420050,65,False,True,False,environment_collapse,65,49.8777691240345,7.9483707594552655,85.00793358991542,119.53185723550475,85.71410827791242,72.81360047863456,31.146752421040684,0.8514498603348969,80.92015036349717,0.479180806477549,Normal,0
FastExpansionRace,NRMO_Original,9,420051,38,False,True,False,environment_collapse,38,24.03512232237614,7.288526929940723,47.08436184211643,94.73641828193954,76.22837591544192,75.59807235699893,12.824334487597698,0.6537492351635494,75.59807235699893,0.3374824865157289,Normal,0
FastExpansionRace,NRMO_Original,10,420052,97,False,True,False,environment_collapse,97,79.3475311548529,2.1226185437303897,115.68858604450331,130.0,104.94935619785171,48.86095406314952,44.80139480301566,0.8037887034301207,87.5758505357903,0.4618700495156254,Normal,0
FastExpansionRace,NRMO_Original,11,420053,180,False,True,False,environment_collapse,180,120.11519639646778,0.0,125.38844933874724,129.18254786210517,130.0,46.846270637396,120.24068270552192,1.1342089987163866,70.6065273245725,0.6680037928084551,Normal,0
FastExpansionRace,NRMO_Original,12,420054,33,False,True,False,environment_collapse,33,100.18061130438359,5.056884435606577,77.60575383286313,100.83902391693954,70.17855314609264,63.09101662095266,20.701720362812036,0.9316645720144401,63.09101662095266,0.6273248594791526,Normal,0
FastExpansionRace,NRMO_Original,13,420055,59,False,True,False,environment_collapse,59,101.00544740703195,0.09479253565230294,86.08728096219247,121.96528029750834,78.28567909352344,80.74895899013312,41.931181310914006,1.0547356451967869,80.74895899013312,0.7106979883205764,Normal,0
FastExpansionRace,NRMO_Original,14,420056,165,False,True,False,environment_collapse,165,117.3179533079469,5.784130674915083,130.0,130.0,102.35599388218138,42.365810057487,115.29261799618885,1.2004682919487732,71.20483678815938,0.6987431393708415,Normal,0
FastExpansionRace,NRMO_Original,15,420057,65,False,True,False,environment_collapse,65,100.47288430719776,2.075739379610054,83.8822296952251,130.0,72.62329093521865,57.970270501614735,44.497547534139876,1.0498835480778388,75.04534852841601,0.6845776543713827,Normal,0
FastExpansionRace,NRMO_Original,16,420058,108,False,True,False,environment_collapse,108,130.0,3.8999176566669522,127.24969877729777,130.0,108.22899758367672,41.152631389205304,78.12579201647327,1.1410566859265558,66.65111428002324,0.7233869631154932,Normal,0
FastExpansionRace,NRMO_Original,17,420059,92,False,True,False,environment_collapse,92,122.85824058274493,7.429349050853844,129.45808164002275,130.0,113.01974934115364,38.880606704277575,57.66668368326251,1.0818639162058612,67.7405806930905,0.6268117791658969,Normal,0
FastExpansionRace,NRMO_Original,18,420060,61,False,True,False,exposure_cascade,61,74.69962083535263,0.0,59.11975835649812,113.51011302042988,83.68781217957321,97.06780146586961,45.8043414548554,1.1249332566364425,97.06780146586961,0.7508908435222196,Normal,0
FastExpansionRace,NRMO_Original,19,420061,100,False,True,False,environment_collapse,100,100.19137057676318,3.986496090298525,109.74109926661903,125.64897390599126,105.65768044558111,74.0639632112885,73.11291047145367,1.2458261606033743,74.0639632112885,0.7311291047145367,Normal,0
FastExpansionRace,NRMO_vNext,0,430042,65,False,True,False,environment_collapse,65,106.49945556036435,7.128803026568328,107.37489123657254,130.0,89.78527859685941,36.684568092926234,34.53068506352474,0.757460132658208,76.73519670680884,0.5312413086696114,Normal,0
FastExpansionRace,NRMO_vNext,1,430043,8,False,True,False,exposure_cascade,8,0.0,23.216180478170678,30.637008311375723,42.85367044207207,39.82507570017652,98.01472687311905,3.550000932771268,0.5216634580436125,98.01472687311905,0.4437501165964085,Normal,0
FastExpansionRace,NRMO_vNext,2,430044,99,False,True,False,environment_collapse,99,126.45977751069344,0.0,130.0,130.0,109.55485415898411,47.0045079068611,62.137275331780614,1.0327904525397502,57.041190642268546,0.6276492457755618,Normal,0
FastExpansionRace,NRMO_vNext,3,430045,150,False,True,False,environment_collapse,150,128.8641386228835,7.987041208407518,130.0,130.0,124.50202314397838,40.05361330193914,105.55936515442794,0.9565196197224909,57.52165625460511,0.7037291010295196,Normal,0
FastExpansionRace,NRMO_vNext,4,430046,72,False,True,False,environment_collapse,72,127.90036992115849,0.0,123.58803422324193,130.0,93.53604762616789,44.08213345411633,41.82387188581891,0.7515197606519455,53.65038551137798,0.5808871095252627,Normal,0
FastExpansionRace,NRMO_vNext,5,430047,113,False,True,False,environment_collapse,113,96.37016254081928,5.451160048811797,114.10473145977484,125.55008866502551,120.80834131877492,71.39071537672005,62.875741091337126,1.1380528262447087,78.61355687521286,0.5564224875339568,Normal,0
FastExpansionRace,NRMO_vNext,6,430048,65,False,True,False,environment_collapse,65,74.62546565695267,2.07595020801927,97.6127937527886,130.0,90.34447181094373,49.168977053945426,30.941980196532707,0.6843535950204691,68.40922663652682,0.4760304645620417,Normal,0
FastExpansionRace,NRMO_vNext,7,430049,66,False,True,False,environment_collapse,66,91.27193242030427,0.0,87.51133335993718,116.82087205197564,79.5044692142193,81.4494965696163,44.46390937967014,0.8841843092350965,81.4494965696163,0.6736955966616688,Normal,0
FastExpansionRace,NRMO_vNext,8,430050,156,False,True,False,environment_collapse,156,125.6987848359105,0.15927288448366816,130.0,130.0,130.0,34.87302887550352,97.1512806001489,0.7854265738031737,56.32279248613058,0.6227646192317237,Normal,0
FastExpansionRace,NRMO_vNext,9,430051,93,False,True,False,environment_collapse,93,85.3281369424534,3.2733469311635695,86.42688306836334,121.84883736552945,98.48528521889642,73.43549965605573,66.23368915307695,0.9679230313770155,73.43549965605573,0.712190205947064,Normal,0
FastExpansionRace,NRMO_vNext,10,430052,171,False,True,False,environment_collapse,171,101.65727681470644,1.3220712339020118,115.69879040804084,123.8655207855678,130.0,56.99936143753335,94.4986610956204,1.0925464006408105,74.89249446911596,0.5526237490971954,Normal,0
FastExpansionRace,NRMO_vNext,11,430053,8,False,True,False,resource_collapse,8,4.1956050738677675,27.82455502738079,39.05009325760183,47.67877036813904,47.40314338506413,87.71958391449428,3.9801206105524574,0.5663236225492201,87.71958391449428,0.49751507631905717,Normal,0
FastExpansionRace,NRMO_vNext,12,430054,51,False,True,False,exposure_cascade,51,72.47882299820313,24.12624305967003,72.41749891127856,106.23848343814394,55.21452229305384,98.71818293497093,33.70668264471128,0.8516335934412997,98.71818293497093,0.660915345974731,Normal,0
FastExpansionRace,NRMO_vNext,13,430055,200,True,False,False,alive,-1,130.0,19.39664100831675,130.0,130.0,130.0,26.052224282207266,127.52556979801125,1.1440000000000001,58.09343247304915,0.6376278489900562,Normal,0
FastExpansionRace,NRMO_vNext,14,430056,200,True,False,False,alive,-1,130.0,45.56589633865303,130.0,130.0,130.0,31.731308727848578,159.26947475735398,1.2320202134128155,54.86998096243862,0.7963473737867699,Normal,0
FastExpansionRace,NRMO_vNext,15,430057,200,True,False,False,alive,-1,130.0,45.5172070312462,130.0,130.0,130.0,27.295795666184578,127.05676355344445,1.1440000000000001,58.87873133721952,0.6352838177672223,Normal,0
FastExpansionRace,NRMO_vNext,16,430058,83,False,True,False,environment_collapse,83,104.90103549426891,1.7423409670008407,120.65170728119574,130.0,77.56002458158123,41.418144934540635,39.152583359817,0.6359830793945828,56.799118999036295,0.4717178718050241,Normal,0
FastExpansionRace,NRMO_vNext,17,430059,177,False,True,False,environment_collapse,177,130.0,1.720878747630671,130.0,130.0,130.0,26.59912677198858,114.36961903780701,0.8428312001489217,73.01601159662995,0.6461560397616215,Normal,0
FastExpansionRace,NRMO_vNext,18,430060,87,False,True,False,environment_collapse,87,130.0,7.145220149809609,117.43621386298611,130.0,106.20618626406936,35.70412029857363,68.08481493785085,1.1038807915316025,45.110099946697076,0.7825840797454121,Normal,0
FastExpansionRace,NRMO_vNext,19,430061,47,False,True,False,exposure_cascade,47,70.1305249419847,13.182598761673525,65.35717658989962,100.43738390476,64.74359472695075,97.56172848877239,30.4768962163546,0.8301818981708923,97.56172848877239,0.6484446003479702,Normal,0
FastExpansionRace,UltraConservative,0,440042,91,False,True,False,resource_collapse,91,0.0,130.0,130.0,130.0,74.33227342289106,11.4666717825874,7.77113090394192,0.09187816226202605,14.86090026008863,0.08539704290046066,Normal,0
FastExpansionRace,UltraConservative,1,440043,59,False,True,False,resource_collapse,59,1.9478900650475524,130.0,130.0,130.0,64.65456966385432,2.848375624368751,4.293413917152037,0.08195564616406617,15.52722011906343,0.07276972740935655,Normal,0
FastExpansionRace,UltraConservative,2,440044,35,False,True,False,resource_collapse,35,0.0,95.21301317928985,103.07662161062709,97.9351037670616,63.55947420698325,24.523610774994662,2.5515930244508627,0.08212911052497374,24.523610774994662,0.07290265784145322,Normal,0
FastExpansionRace,UltraConservative,3,440045,86,False,True,False,resource_collapse,86,5.579621593932332,129.50738441821173,130.0,130.0,66.76614704764555,5.242408229466138,5.584250219892056,0.08062108927779808,23.44086896700519,0.06493314209176809,Normal,0
FastExpansionRace,UltraConservative,4,440046,83,False,True,False,resource_collapse,83,6.938739563596851,121.02416816500539,124.23247777604658,126.24271105224064,81.93145294154311,15.143869442191491,6.279035422180591,0.08217103334155601,15.143869442191491,0.07565102918289869,Normal,0
FastExpansionRace,UltraConservative,5,440047,25,False,True,False,resource_collapse,25,3.2463900186279346,101.7752398045524,94.90020870612723,92.35494477952024,59.845330982382016,7.46291859034312,1.5359840951341246,0.08025933327683303,37.01378619952219,0.06143936380536499,Normal,0
FastExpansionRace,UltraConservative,6,440048,88,False,True,True,resource_collapse,88,0.0,94.79876174236944,105.49941103098739,96.10832105554536,28.026099750314472,55.801392412353295,3.9587195276774763,0.07995539205621703,55.801392412353295,0.04498544917815314,Normal,0
FastExpansionRace,UltraConservative,7,440049,34,False,True,False,resource_collapse,34,0.0,115.40499654028011,93.88386327500766,105.69474936808668,57.854748947936706,15.381722131483158,2.4588548539302546,0.08244111799780565,30.92332025588793,0.07231926040971337,Normal,0
FastExpansionRace,UltraConservative,8,440050,200,True,False,True,knowledge_freeze,102,40.64559313084964,130.0,130.0,130.0,26.620405582276675,0.0,10.83901231582262,0.0820446313727553,15.55041561169505,0.0541950615791131,Normal,0
FastExpansionRace,UltraConservative,9,440051,61,False,True,False,resource_collapse,61,0.0,100.57174484818093,109.61456799157658,108.39905514383352,45.066277259382616,51.113970194314746,4.548846939957478,0.0836000856255639,51.113970194314746,0.07457126131077833,Normal,0
FastExpansionRace,UltraConservative,10,440052,89,False,True,False,resource_collapse,89,7.480410195502797,127.4570003427533,130.0,130.0,70.9427352689768,7.302594981017271,6.881109132449416,0.08833628122147198,14.79072878607073,0.07731583294886984,Normal,0
FastExpansionRace,UltraConservative,11,440053,118,False,True,True,resource_collapse,118,2.6932702518988556,117.00608642993002,121.3502339065289,122.68362494647278,31.677333507341046,20.9475879262692,6.6478072340909815,0.08617302784476462,22.276360376582524,0.056337349441449,Normal,0
FastExpansionRace,UltraConservative,12,440054,59,False,True,False,resource_collapse,59,0.016013144212735142,98.47401404104785,108.75262216496901,113.89773973270133,69.189966460594,50.08363342251384,4.633859486163125,0.08707475166765484,50.08363342251384,0.07853999129090042,Normal,0
FastExpansionRace,UltraConservative,13,440055,51,False,True,False,resource_collapse,51,0.0,88.03495648800012,103.74742013992736,101.17834036478862,66.96599332225446,75.652167402001,3.8650291393577882,0.08296034778056034,75.652167402001,0.07578488508544683,Normal,0
FastExpansionRace,UltraConservative,14,440056,119,False,True,False,resource_collapse,119,4.237143468773208,120.79934773424597,124.05238167310479,126.08780348287911,80.96189047216141,14.947829930783314,9.203419619871694,0.08467054776593931,23.67390528504481,0.0773396606711907,Normal,0
FastExpansionRace,UltraConservative,15,440057,82,False,True,False,resource_collapse,82,4.496920209057912,110.68739204698961,116.84762013595446,119.93968066545713,66.73176771265182,30.88114768140244,5.415859410818337,0.08252183053612604,30.88114768140244,0.06604706598558947,Normal,0
FastExpansionRace,UltraConservative,16,440058,74,False,True,False,resource_collapse,74,0.0,130.0,130.0,122.40689277133345,38.30150388445266,3.19367925063623,3.1505327039101734,0.08007953699264105,22.888678707072515,0.042574766269056395,Normal,0
FastExpansionRace,UltraConservative,17,440059,96,False,True,False,resource_collapse,96,0.5485844822217043,130.0,130.0,130.0,77.02049494441991,5.795291967729192,6.120863343663961,0.08061987779315864,17.885426216162063,0.06375899316316626,Normal,0
FastExpansionRace,UltraConservative,18,440060,166,False,True,False,resource_collapse,166,5.086149148675455,129.09004142961345,130.0,130.0,91.62070791818104,7.524855484211108,12.979323723115446,0.0887426839362151,15.728807586145548,0.07818869712720149,Normal,0
FastExpansionRace,UltraConservative,19,440061,89,False,True,False,resource_collapse,89,7.1756277165493625,129.6270655513254,130.0,130.0,86.43976578522236,2.7624950355032634,6.5002301588840306,0.08127992740640216,18.200598764668992,0.07303629392004529,Normal,0
FastExpansionRace,AlphaSearch,0,450042,93,False,True,False,environment_collapse,93,112.40278403657788,1.8530062969677523,96.52436942729776,125.3226554830969,93.11463340952047,65.92759946928678,79.50097824745615,1.0676002902254755,68.18028640027771,0.8548492284672704,Normal,0
FastExpansionRace,AlphaSearch,1,450043,83,False,True,False,exposure_cascade,83,106.35079985878778,0.0,97.7086849473539,121.50354868206028,87.31820639314556,93.10002966990636,69.92457387333407,1.0408009579312287,93.10002966990636,0.8424647454618562,Normal,0
FastExpansionRace,AlphaSearch,2,450044,70,False,True,False,environment_collapse,70,130.0,7.954196131416278,106.1304555156732,115.4461807109632,62.54860601100547,51.74156537364801,46.018694580815996,0.9142698747429354,75.67396425889892,0.6574099225830856,Normal,0
FastExpansionRace,AlphaSearch,3,450045,74,False,True,False,environment_collapse,74,123.69424447055525,0.0,85.42086613847157,130.0,75.52650149271346,68.36665129718666,53.22342119178673,0.9354922479004064,81.05455319210546,0.7192354215106315,Normal,0
FastExpansionRace,AlphaSearch,4,450046,90,False,True,False,environment_collapse,90,126.39096337503315,4.866736820655971,115.10736351197951,129.17880664240147,62.39433605357211,68.52237244360686,71.23531064215102,0.9449101275211877,68.52237244360686,0.7915034515794558,Normal,0
FastExpansionRace,AlphaSearch,5,450047,69,False,True,False,environment_collapse,69,120.16264041332448,2.8801171882366026,97.40631433791748,126.91827182169058,66.91448463748235,74.01254362323701,55.29176439787471,1.007863147256174,74.01254362323701,0.8013299188097783,Normal,0
FastExpansionRace,AlphaSearch,6,450048,64,False,True,False,environment_collapse,64,130.0,6.781718636669616,91.94882205309352,130.0,82.40371895807363,64.2858751628008,52.21624928761415,1.0171178222551986,68.96984485347654,0.815878895118971,Normal,0
FastExpansionRace,AlphaSearch,7,450049,61,False,True,False,environment_collapse,61,125.66032721157922,7.185318047417788,88.01452758182432,129.96470960826787,52.428612276415336,75.53417795037768,49.913527259714094,0.9743885361743396,75.53417795037768,0.8182545452412147,Normal,0
FastExpansionRace,AlphaSearch,8,450050,53,False,True,False,environment_collapse,53,112.84792263885889,7.659990698388223,77.19479433226422,120.98819080033516,77.66776675284109,67.94717350649094,39.26649194822349,0.9144753090801601,73.47664326546172,0.7408772065702545,Normal,0
FastExpansionRace,AlphaSearch,9,450051,41,False,True,False,exposure_cascade,41,34.25914318870459,0.0,46.527801289015,82.8462096817521,72.47881083635386,121.43594842572641,25.730181779930632,0.7918491549038431,121.43594842572641,0.6275654092666008,Normal,0
FastExpansionRace,AlphaSearch,10,450052,80,False,True,False,environment_collapse,80,130.0,1.109035764904819,67.21330254973995,130.0,83.04024503139134,56.14922438923725,62.48837838051312,1.0225931761506786,72.44322923494133,0.781104729756414,Normal,0
FastExpansionRace,AlphaSearch,11,450053,63,False,True,False,environment_collapse,63,130.0,2.3682858335561114,95.04081548111922,130.0,74.74598899888635,59.92201207741281,49.827261524286875,0.9827807471946546,67.76423881596537,0.7909089130839186,Normal,0
FastExpansionRace,AlphaSearch,12,450054,104,False,True,False,environment_collapse,104,128.4876727148646,7.644579701075003,117.33765770060107,130.0,55.14024275665845,68.16899342930331,75.14919443516116,0.9568259826534985,68.99960324369543,0.7225884080303958,Normal,0
FastExpansionRace,AlphaSearch,13,450055,28,False,True,False,environment_collapse,28,86.66884129400731,0.0,66.98408938221215,91.2030057455068,68.04056616367039,90.40686470652743,19.899783441668784,0.8675869466446959,90.40686470652743,0.7107065514881709,Normal,0
FastExpansionRace,AlphaSearch,14,450056,49,False,True,False,environment_collapse,49,118.89780444069453,0.0,92.90983141377514,126.92013495922852,75.37983776130832,71.12705481708186,39.519921008415764,0.968812660655703,71.12705481708186,0.8065290001717503,Normal,0
FastExpansionRace,AlphaSearch,15,450057,23,False,True,False,exposure_cascade,23,45.56126242198112,21.69288924889812,45.45163895835779,73.12708592902544,60.569738427628295,99.91358467002956,15.433562906527122,0.7429567104853532,99.91358467002956,0.6710244741968314,Normal,0
FastExpansionRace,AlphaSearch,16,450058,26,False,True,False,exposure_cascade,26,17.471870051363275,21.921465985690375,59.445584358217964,69.42566305447947,50.39203473801438,93.07617059653023,11.793312876138886,0.5771574519210644,93.07617059653023,0.45358895677457256,Normal,0
FastExpansionRace,AlphaSearch,17,450059,117,False,True,False,environment_collapse,117,130.0,5.915149664093988,130.0,130.0,81.50642211736456,43.86960968542867,91.69544464821512,1.0059440059948652,74.50842665800097,0.7837217491300438,Normal,0
FastExpansionRace,AlphaSearch,18,450060,77,False,True,False,environment_collapse,77,130.0,5.612476692272281,113.12357014427066,130.0,81.81362292170307,50.13984636898223,63.28056730911873,1.0140047663035339,64.96622238766118,0.8218255494690744,Normal,0
FastExpansionRace,AlphaSearch,19,450061,79,False,True,False,environment_collapse,79,130.0,3.0279091805806324,100.31525058911835,130.0,85.25821665629829,64.2701072059689,69.02473396545163,1.0332394399502318,64.2701072059689,0.8737308096892612,Normal,0
FastExpansionRace,NRMO_StrongEngine,0,460042,62,False,True,False,environment_collapse,62,107.80671987783582,0.0,112.16884992704924,130.0,92.8627571279829,34.65194849501134,33.05432241944768,0.9552211900521148,59.97459480456374,0.5331342325717368,Normal,0
FastExpansionRace,NRMO_StrongEngine,1,460043,56,False,True,False,environment_collapse,56,92.49500001928922,0.0,69.26379314180367,122.30231112585389,61.28699643879104,74.18414152724712,36.8349540362571,0.8984749188130142,84.4152845697117,0.657767036361734,Normal,0
FastExpansionRace,NRMO_StrongEngine,2,460044,96,False,True,False,environment_collapse,96,128.2961511344577,1.95050003716608,116.49755444229547,130.0,100.45809451194246,47.94981883767233,67.02827110929499,1.0706485376626436,70.90804137399242,0.6982111573884895,Normal,0
FastExpansionRace,NRMO_StrongEngine,3,460045,132,False,True,False,environment_collapse,132,114.5348603113294,0.0,122.56734110523541,128.99412674417246,119.58570374196918,53.42236624792179,98.84587525368305,1.147523501351085,62.585304639361524,0.7488323882854776,Normal,0
FastExpansionRace,NRMO_StrongEngine,4,460046,116,False,True,False,environment_collapse,116,128.15047760309872,3.9502278427587036,130.0,130.0,108.2021108395532,42.28296895375693,85.03926158231938,1.1284564080527306,64.0583913965485,0.7330970826062015,Normal,0
FastExpansionRace,NRMO_StrongEngine,5,460047,12,False,True,False,exposure_cascade,12,10.941257769433363,20.569508236394064,40.73503342587115,53.439501913877606,58.12678896058513,95.76216822208158,6.604966826992215,0.6373695859472911,95.76216822208158,0.5504139022493513,Normal,0
FastExpansionRace,NRMO_StrongEngine,6,460048,106,False,True,False,environment_collapse,106,129.49037190104295,0.0,130.0,130.0,106.14738236450027,29.879601232980274,79.17513206110408,1.0679954325801735,55.523518622762175,0.7469352081236234,Normal,0
FastExpansionRace,NRMO_StrongEngine,7,460049,87,False,True,False,environment_collapse,87,103.85040624634635,0.07217982191234995,106.96102897964255,121.14351339071867,88.78320084230826,69.51576453069823,60.65811570363429,1.046547463620137,73.03794101336652,0.6972197207314286,Normal,0
FastExpansionRace,NRMO_StrongEngine,8,460050,69,False,True,False,exposure_cascade,69,82.66712726506641,10.149845860450078,71.4935347404088,113.55466169220985,72.58357417403577,102.29050340405466,59.44011203092526,0.9922348504494041,102.29050340405466,0.8614508989989169,Normal,0
FastExpansionRace,NRMO_StrongEngine,9,460051,25,False,True,False,exposure_cascade,25,23.808148275571114,4.558668386085138,48.00122539171562,72.28216052094753,64.64896721053977,119.12794702649369,16.138617345734218,0.7724319520443024,119.12794702649369,0.6455446938293687,Normal,0
FastExpansionRace,NRMO_StrongEngine,10,460052,46,False,True,False,environment_collapse,46,112.52287491653101,0.0,94.97929198257964,127.40447667540865,50.325217710285386,64.49204719421763,29.670084250185447,0.8754326232277971,64.49204719421763,0.6450018315257706,Normal,0
FastExpansionRace,NRMO_StrongEngine,11,460053,69,False,True,False,environment_collapse,69,127.24100862085034,0.0,105.47376713571816,130.0,96.90354908857135,39.62959794606943,46.1100094043686,1.0051142683237801,65.50350305600116,0.6682610058604145,Normal,0
FastExpansionRace,NRMO_StrongEngine,12,460054,113,False,True,False,environment_collapse,113,124.53057738462557,4.010943142938871,118.93642413811752,130.0,116.58697641231949,46.98228552566655,84.02873471259561,1.1483555586361032,60.1747621558657,0.7436171213504036,Normal,0
FastExpansionRace,NRMO_StrongEngine,13,460055,72,False,True,False,environment_collapse,72,94.88348006148466,7.517721475291827,85.15074250609959,130.0,94.33225864786297,50.01098269494245,42.723123867521046,0.9439399830209939,89.09047679626966,0.5933767203822368,Normal,0
FastExpansionRace,NRMO_StrongEngine,14,460056,102,False,True,False,environment_collapse,102,125.75642192497807,2.5921513729663594,109.53361697823925,130.0,115.26317821796844,28.493832150058523,63.98097299463528,1.1131416472458373,70.02004820719678,0.6272644411238752,Normal,0
FastExpansionRace,NRMO_StrongEngine,15,460057,49,False,True,False,environment_collapse,49,90.6089476879681,7.236311811442629,85.76202021181706,128.88073824449182,84.24587399456699,56.22629688289112,28.845211206021876,0.8744174744914811,64.76240004288282,0.5886777797147321,Normal,0
FastExpansionRace,NRMO_StrongEngine,16,460058,125,False,True,False,environment_collapse,125,122.66100419128206,7.715394232512667,130.0,130.0,130.0,27.285216605541866,85.43077801700923,1.1004778097774688,63.449992302568646,0.6834462241360738,Normal,0
FastExpansionRace,NRMO_StrongEngine,17,460059,22,False,True,False,exposure_cascade,22,2.8668344925579046,12.28403719653959,42.288103916194444,57.493137227064175,55.70948931559455,96.26138203536591,9.434419149815735,0.6051709281644679,96.26138203536591,0.42883723408253344,Normal,0
FastExpansionRace,NRMO_StrongEngine,18,460060,42,False,True,False,exposure_cascade,42,16.6082354431461,2.7111708185025414,56.792300348571786,66.50801021368345,54.888751284473685,105.02295959902493,19.52939098222799,0.7142214278654416,105.02295959902493,0.4649854995768569,Normal,0
FastExpansionRace,NRMO_StrongEngine,19,460061,200,True,False,False,alive,-1,122.78136247225304,23.091765033568336,130.0,130.0,130.0,35.424486996566046,159.37846675768827,1.2480000000000002,56.642935039667805,0.7968923337884414,Normal,0
FastExpansionRace,NRMOvNext_StrongEngine,0,470042,72,False,True,False,resource_collapse,72,7.835895237169263,31.324827062088886,78.11382342385929,130.0,73.06083689231626,60.69083619622373,22.64746537869442,0.6150514691105982,78.88197812738764,0.31454813025964473,Normal,0
FastExpansionRace,NRMOvNext_StrongEngine,1,470043,2,False,True,False,resource_collapse,2,0.0,24.641985631298052,30.536311247489408,35.041657918955835,53.862878182930785,82.58891250761378,0.4060590984082136,0.3198784933155243,82.58891250761378,0.2030295492041068,Normal,0
FastExpansionRace,NRMOvNext_StrongEngine,2,470044,108,False,True,False,environment_collapse,108,127.2789063564191,2.5629506314279134,130.0,130.0,108.14175859305847,43.93665359046331,69.08651798628175,0.8828130522916141,53.075477640725154,0.6396899813544606,Normal,0
FastExpansionRace,NRMOvNext_StrongEngine,3,470045,107,False,True,False,environment_collapse,107,96.89950495490133,0.0,130.0,130.0,119.14369067845999,33.375055036781305,53.99555564986057,0.785751513970808,82.0539921207058,0.5046313612136502,Normal,0
FastExpansionRace,NRMOvNext_StrongEngine,4,470046,143,False,True,False,environment_collapse,143,104.93525200940248,4.239151440918244,118.62714643293546,127.16636551228434,115.71195697379004,55.85992643630629,99.67018760723695,1.0079829080600153,61.38057165637662,0.6969943189317269,Normal,0
FastExpansionRace,NRMOvNext_StrongEngine,5,470047,43,False,True,False,exposure_cascade,43,0.0,0.0,42.584763831855,85.6386192845535,76.40632610077199,126.44181720995086,17.695985549888988,0.6236830174520551,126.44181720995086,0.41153454767183695,Normal,0
FastExpansionRace,NRMOvNext_StrongEngine,6,470048,40,False,True,False,exposure_cascade,40,3.173516318933288,2.1918429435200366,56.34043177748579,89.30759323590735,65.48925884280078,99.23882999870466,18.259339536063425,0.7152554771857994,99.23882999870466,0.45648348840158565,Normal,0
FastExpansionRace,NRMOvNext_StrongEngine,7,470049,200,True,False,False,alive,-1,128.03356404496614,24.51949030829685,130.0,130.0,130.0,21.3041562839008,104.98591544131001,0.7402044063388193,83.99169783368245,0.5249295772065501,Normal,0
FastExpansionRace,NRMOvNext_StrongEngine,8,470050,182,False,True,False,environment_collapse,182,104.40750040021956,5.650800412183012,122.70572983989048,130.0,130.0,54.7746671306201,121.37637188902981,1.0463084564369267,57.84206715832993,0.6669031422474165,Normal,0
FastExpansionRace,NRMOvNext_StrongEngine,9,470051,114,False,True,False,environment_collapse,114,130.0,0.0,130.0,130.0,111.47195759682295,40.12698230993914,69.63372444670426,0.9238189398580973,58.39854095063426,0.6108221442693357,Normal,0
FastExpansionRace,NRMOvNext_StrongEngine,10,470052,129,False,True,False,environment_collapse,129,104.01799392085958,6.2372814134829575,124.76506359997425,129.69098689857074,124.50853075492165,42.0932704511496,69.60158570556119,0.9547548754847758,53.840096185043265,0.5395471760121022,Normal,0
FastExpansionRace,NRMOvNext_StrongEngine,11,470053,99,False,True,False,environment_collapse,99,122.3316413036462,2.485775213645418,130.0,130.0,102.2384184042245,35.93802244076199,66.32804469336442,0.9037682249069193,54.93732721155779,0.6699802494279234,Normal,0
FastExpansionRace,NRMOvNext_StrongEngine,12,470054,107,False,True,False,environment_collapse,107,13.169256671066172,0.0,93.42210658728735,111.21596514963136,123.43570942056596,86.91295439174979,44.968592686512295,0.7188126829438727,90.36135384168085,0.4202672213692738,Normal,0
FastExpansionRace,NRMOvNext_StrongEngine,13,470055,124,False,True,False,environment_collapse,124,126.02679247100401,0.0,128.2394605834844,130.0,130.0,37.574833303536074,60.749092143593614,0.7020000000000001,57.5250036935288,0.48991203341607753,Normal,0
FastExpansionRace,NRMOvNext_StrongEngine,14,470056,73,False,True,False,environment_collapse,73,90.62531106048944,2.804521211264902,97.39508405493713,119.60693368646403,87.99683788913853,75.19388167872282,46.01821651384857,0.9622152804617354,75.19388167872282,0.6303865275869668,Normal,0
FastExpansionRace,NRMOvNext_StrongEngine,15,470057,130,False,True,False,environment_collapse,130,108.1058087128441,4.195352207105319,118.36444501344013,123.62160072563503,130.0,46.97209484615475,86.3521361168102,0.9569012317794606,64.74388184599493,0.6642472008985401,Normal,0
FastExpansionRace,NRMOvNext_StrongEngine,16,470058,104,False,True,False,environment_collapse,104,130.0,5.477833279502384,130.0,130.0,116.10623505992028,30.390914069938695,62.051595886874935,0.9522108093836295,47.22811441166166,0.5966499604507205,Normal,0
FastExpansionRace,NRMOvNext_StrongEngine,17,470059,82,False,True,False,environment_collapse,82,120.1178949668658,6.3968620496888375,127.59330002699282,130.0,86.81576502543396,37.67827683129944,42.96620924804412,0.9037196942512745,61.958339169393994,0.5239781615615137,Normal,0
FastExpansionRace,NRMOvNext_StrongEngine,18,470060,98,False,True,False,environment_collapse,98,130.0,0.0,130.0,130.0,106.10225656717454,28.47911308907146,65.0702122502572,0.9849139010085531,38.589955346028496,0.6639817576556857,Normal,0
FastExpansionRace,NRMOvNext_StrongEngine,19,470061,100,False,True,False,environment_collapse,100,127.70233921432123,5.6536515944600865,130.0,130.0,107.51157125707792,26.78530597426506,64.11522014043501,0.8728693846981151,56.69104896003078,0.6411522014043501,Normal,0
FastExpansionRace,Adaptive_NRMOvNext_SE,0,480042,105,False,True,False,environment_collapse,105,130.0,4.4143064259845595,130.0,130.0,99.82929644463803,40.61576723829214,60.586869477475155,1.0350545391783157,79.67354756738456,0.5770178045473824,HighStakes,6
FastExpansionRace,Adaptive_NRMOvNext_SE,1,480043,96,False,True,False,exposure_cascade,96,13.879011336113777,0.0,65.52878019842323,79.26261822776448,60.32650662783785,130.0,64.20344087365933,0.9302586396638448,130.0,0.6687858424339513,Race,4
FastExpansionRace,Adaptive_NRMOvNext_SE,2,480044,82,False,True,False,environment_collapse,82,66.98765907286608,4.4623477514242325,112.18695824218472,119.13877751278633,105.36718901834287,69.92652436974728,38.872650608661154,0.7399455955250739,69.92652436974728,0.4740567147397702,Race,7
FastExpansionRace,Adaptive_NRMOvNext_SE,3,480045,84,False,True,False,environment_collapse,84,84.27453856502821,3.3101281937430898,117.04365279902967,126.4384602854332,94.85046452323066,57.86947167582226,40.22660354361233,0.774801018177445,69.91192345916807,0.4788881374239563,HighStakes,6
FastExpansionRace,Adaptive_NRMOvNext_SE,4,480046,70,False,True,False,environment_collapse,70,82.17233974795838,0.0,105.30862924826663,119.81885548938514,118.98314773889108,61.535990609817645,35.20649939767059,0.9169934645965465,63.8030939039099,0.5029499913952942,HighStakes,5
FastExpansionRace,Adaptive_NRMOvNext_SE,5,480047,29,False,True,False,resource_collapse,29,0.0,53.82042812153926,66.34959728079555,87.84983215007131,75.30993778560592,51.24652787198799,6.639671516201683,0.3159146375424137,55.040534150487986,0.22895419021385113,Recovery,2
FastExpansionRace,Adaptive_NRMOvNext_SE,6,480048,31,False,True,False,environment_collapse,31,41.42540091979663,0.0,66.22042236814741,116.56210504090701,75.25604512916497,71.31439786357618,11.607755959155284,0.7517145909556332,84.11113414243104,0.3744437406179124,HighStakes,3
FastExpansionRace,Adaptive_NRMOvNext_SE,7,480049,41,False,True,False,exposure_cascade,41,24.721075975419367,13.407486909555455,59.78691285567112,91.63024161432139,63.64501613403041,94.4770408218487,16.67308873521107,0.6369827695798307,94.4770408218487,0.4066607008588066,HighStakes,6
FastExpansionRace,Adaptive_NRMOvNext_SE,8,480050,61,False,True,False,environment_collapse,61,81.8860082591543,0.0,78.76686154567894,120.59227412480396,86.51911578419097,82.61114022168161,39.497740450791916,0.9682759032697117,82.61114022168161,0.6475039418162609,Race,2
FastExpansionRace,Adaptive_NRMOvNext_SE,9,480051,158,False,True,False,environment_collapse,158,112.06647705503967,0.6226001047254268,120.93706299988534,126.92070098282726,130.0,42.4819539787449,82.93638699047467,0.7216979390508291,86.1552156529317,0.5249138417118651,HighStakes,2
FastExpansionRace,Adaptive_NRMOvNext_SE,10,480052,46,False,True,False,exposure_cascade,46,44.92816584630795,3.9978734909256346,60.660585121498215,105.3693535336628,77.83748925905829,92.94983825041277,23.864935137970168,0.8602943345383903,92.94983825041277,0.5188029377819602,Race,4
FastExpansionRace,Adaptive_NRMOvNext_SE,11,480053,176,False,True,False,environment_collapse,176,130.0,4.726613084590575,130.0,130.0,130.0,35.266440841229745,96.28570019667784,1.2480000000000002,78.81457246036533,0.5470778420265786,Race,7
FastExpansionRace,Adaptive_NRMOvNext_SE,12,480054,100,False,True,False,exposure_cascade,100,56.584520452858364,0.0,89.08390019445504,112.22062733107913,94.01697917411566,123.24029997519102,75.17108911735285,1.041783827975022,123.24029997519102,0.7517108911735285,HighStakes,4
FastExpansionRace,Adaptive_NRMOvNext_SE,13,480055,64,False,True,False,environment_collapse,64,128.30793691089391,3.61221322525679,109.90574503679117,130.0,103.63776565499037,43.143206077355714,40.32637678924926,1.0052763494345829,67.0169082444979,0.6300996373320197,HighStakes,5
FastExpansionRace,Adaptive_NRMOvNext_SE,14,480056,172,False,True,False,environment_collapse,172,128.01255623886155,5.930770763906882,130.0,130.0,130.0,28.42770721155913,104.71428869225545,1.2480000000000002,78.07790688554758,0.608804004024741,HighStakes,9
FastExpansionRace,Adaptive_NRMOvNext_SE,15,480057,79,False,True,False,environment_collapse,79,89.52058170964753,3.3594560449961826,92.94122840271606,116.88921291382547,110.04674086335059,71.01695616033479,43.22833006003121,0.8798978076963436,71.01695616033479,0.5471940513928002,HighStakes,7
FastExpansionRace,Adaptive_NRMOvNext_SE,16,480058,149,False,True,False,environment_collapse,149,129.82981712815328,7.361931181567551,130.0,130.0,130.0,30.014751422589946,89.3136402134038,1.2480000000000002,73.13580314475249,0.5994204041168041,HighStakes,7
FastExpansionRace,Adaptive_NRMOvNext_SE,17,480059,200,True,False,False,alive,-1,130.0,41.50050818604319,130.0,130.0,130.0,10.561303875348932,97.66655172707222,0.7606518916783618,64.63146203258697,0.4883327586353611,Race,9
FastExpansionRace,Adaptive_NRMOvNext_SE,18,480060,188,False,True,False,environment_collapse,188,96.43288679315594,3.978794458373475,122.3662351346938,126.53867676154303,125.24032338416141,58.38862263472934,135.6146096031249,1.2465018116112025,75.1587731288488,0.7213543063996005,HighStakes,4
FastExpansionRace,Adaptive_NRMOvNext_SE,19,480061,200,True,False,True,knowledge_freeze,118,63.29982601408719,39.327729574765286,130.0,130.0,88.20860284757781,35.0438744779926,76.391654188079,0.9710602887442922,86.66649867961033,0.38195827094039503,Race,17
FastExpansionRace,Adaptive_NRMOvNext_OmegaFull,0,490042,37,False,True,False,exposure_cascade,37,43.63207282687257,0.0,54.09972890924619,86.18296626075103,71.82662042400929,120.31445075991414,25.542113739874676,0.8863436474377561,120.31445075991414,0.6903273983749912,Race,1
FastExpansionRace,Adaptive_NRMOvNext_OmegaFull,1,490043,200,True,False,False,alive,-1,121.99865198990173,36.77611588589152,128.61139269249892,130.0,130.0,40.81074795636861,155.7416775943113,1.2576472378985688,58.75549710891609,0.7787083879715566,Race,3
FastExpansionRace,Adaptive_NRMOvNext_OmegaFull,2,490044,23,False,True,False,environment_collapse,23,38.16561131464402,2.1578582391514693,46.31697916866433,77.05029101573686,65.00793313131544,85.69375238735132,13.064436531503821,0.729501376213598,85.69375238735132,0.5680189796306009,HighStakes,2
FastExpansionRace,Adaptive_NRMOvNext_OmegaFull,3,490045,20,False,True,False,resource_collapse,20,5.809646800420705,47.35693592202368,62.03063476544098,71.04711767113359,61.66600080882505,48.716520554438006,5.368023187904447,0.4359468229445117,56.40201713800941,0.26840115939522236,Recovery,3
FastExpansionRace,Adaptive_NRMOvNext_OmegaFull,4,490046,200,True,False,False,alive,-1,124.548916867401,29.029463473506937,128.21993273461467,130.0,130.0,32.825171787446735,138.8611256626612,1.1949883750185943,66.87412514158714,0.694305628313306,Race,6
FastExpansionRace,Adaptive_NRMOvNext_OmegaFull,5,490047,159,False,True,False,environment_collapse,159,118.29079385197943,0.0,130.0,130.0,71.12844267247915,65.65527261330512,69.93468707189254,0.8882693153582923,76.40096143233484,0.4398407991942927,HighStakes,5
FastExpansionRace,Adaptive_NRMOvNext_OmegaFull,6,490048,4,False,True,False,resource_collapse,4,0.0,25.97022466651478,33.63998036318963,38.90401566856903,54.1648047223505,83.102046120955,1.6832675923419274,0.5439305342005849,83.102046120955,0.42081689808548184,Race,2
FastExpansionRace,Adaptive_NRMOvNext_OmegaFull,7,490049,43,False,True,False,exposure_cascade,43,13.375901883865879,0.0,52.18610353406466,86.05472304129546,75.94792073808756,118.1545018561946,23.23181466953421,0.8224070576534287,118.1545018561946,0.5402747597566095,HighStakes,2
FastExpansionRace,Adaptive_NRMOvNext_OmegaFull,8,490050,123,False,True,False,environment_collapse,123,105.6241786812444,6.139938784105224,125.03720102027417,130.0,100.75764422395022,58.430481188245274,88.17774711833822,1.0591660466314934,61.22447588295057,0.7168922529946197,HighStakes,3
FastExpansionRace,Adaptive_NRMOvNext_OmegaFull,9,490051,200,True,False,False,alive,-1,130.0,37.12143531592133,130.0,130.0,130.0,20.24055715145888,141.62463111995166,1.2669765781058682,65.41302130743942,0.7081231555997582,Race,4
FastExpansionRace,Adaptive_NRMOvNext_OmegaFull,10,490052,200,True,False,False,alive,-1,130.0,20.94265042754964,130.0,130.0,130.0,19.933557974622406,125.72908631191054,0.9740439072795283,71.15901191662131,0.6286454315595527,HighStakes,12
FastExpansionRace,Adaptive_NRMOvNext_OmegaFull,11,490053,107,False,True,False,environment_collapse,107,128.24680433175882,6.1124887961605445,130.0,130.0,70.58414836259962,45.23271092251058,68.94325973658268,0.9662247245307838,64.58020002755133,0.6443295302484362,Race,4
FastExpansionRace,Adaptive_NRMOvNext_OmegaFull,12,490054,200,True,False,False,alive,-1,123.97089381300842,36.421866990995696,127.931543976074,130.0,127.79649710687566,46.13206972175944,157.1797246369374,1.1886518784017461,65.11282645227928,0.7858986231846871,Race,7
FastExpansionRace,Adaptive_NRMOvNext_OmegaFull,13,490055,58,False,True,False,environment_collapse,58,81.76884120729164,4.254815529638844,87.1237089772728,129.9339427833363,78.79536925331485,54.51174070392182,30.768862362758664,0.8152797666402225,78.42448841906605,0.530497626944115,HighStakes,2
FastExpansionRace,Adaptive_NRMOvNext_OmegaFull,14,490056,105,False,True,False,resource_collapse,105,0.0,22.50302524167868,92.65192381534881,105.26979802271507,30.11330182919138,84.82746626111579,27.870566026964674,0.6280177520913984,84.82746626111579,0.26543396216156834,StagnationEscape,8
FastExpansionRace,Adaptive_NRMOvNext_OmegaFull,15,490057,34,False,True,False,environment_collapse,34,48.600055590685,7.890523914881939,64.04736048717827,112.51127044941079,76.89523188330368,79.35677192199202,13.828465558251365,0.6728421216816401,79.35677192199202,0.4067195752426872,HighStakes,3
FastExpansionRace,Adaptive_NRMOvNext_OmegaFull,16,490058,7,False,True,False,exposure_cascade,7,0.0,10.542747307777582,23.230482085718663,29.72664948460316,48.80184641339157,114.1266219644084,3.3935237306135018,0.5727907656135764,114.1266219644084,0.48478910437335737,Race,1
FastExpansionRace,Adaptive_NRMOvNext_OmegaFull,17,490059,157,False,True,False,environment_collapse,157,105.69592174239375,0.0,116.3408759017613,124.49061724412645,130.0,53.67661349793281,107.90853321567077,1.1440000000000001,65.9593046185141,0.6873154981889859,Race,3
FastExpansionRace,Adaptive_NRMOvNext_OmegaFull,18,490060,200,True,False,False,alive,-1,117.68109089891763,13.30745976778711,129.30860338300315,130.0,130.0,23.844687049356388,133.56826449952106,1.0731116761361013,70.74780914746282,0.6678413224976053,HighStakes,12
FastExpansionRace,Adaptive_NRMOvNext_OmegaFull,19,490061,200,True,False,False,alive,-1,123.27186585355493,38.93758116749334,126.75065118950064,130.0,130.0,42.4725928969837,128.72673366865888,1.2828996809932245,63.85751756797332,0.6436336683432944,Race,8
